,Reseñas,Target,Texto procesado
0,anormal,0,anormal
1,abolir,0,abol
2,abominable,0,abomin
3,abortar,0,abort
4,desgastar,0,desgast
5,abrasivo,0,abras
6,abrupto,0,abrupt
7,fugarse,0,fug
8,ausencia,0,ausenci
9,despistado,0,despist
10,ausente,0,ausent
11,absurdo,0,absurd
12,abuso,0,abus
13,abismal,0,abismal
14,abismo,0,abism
15,accidental,0,accidental
16,abordar,0,abord
17,maldito,0,maldit
18,acusación,0,acus
19,acusatoriamente,0,acusatori
20,exacerbar,0,exacerb
21,acerbo,0,acerb
22,mordazmente,0,mordaz
23,dolor,0,dolor
24,dolido,0,dol
25,acre,0,acre
26,acritud,0,acritud
27,con,0,con
28,firme,0,firm
29,rotundamente,0,rotund
30,adicto,0,adict
31,fanático,0,fanat
32,amonestar,0,amonest
33,adulterar,0,adulter
34,espurio,0,espuri
35,adulterio,0,adulteri
36,adversario,0,adversari
37,adverso,0,advers
38,afligir,0,aflig
39,aflicción,0,afliccion
40,afrenta,0,afrent
41,temeroso,0,temer
42,agravar,0,agrav
43,agresión,0,agresion
44,agresivo,0,agres
45,agresor,0,agresor
46,ofender,0,ofend
47,agraviado,0,agravi
48,espantado,0,espant
49,agonías,0,agon
50,agonizar,0,agoniz
51,angustiosamente,0,angusti
52,encallado,0,encall
53,enfermo,0,enferm
54,enfermedad,0,enfermed
55,sin,0,sin
56,objetivo,0,objet
57,alarma,0,alarm
58,enajenar,0,enajen
59,alienación,0,alien
60,alegación,0,aleg
61,alérgico,0,alerg
62,alergias,0,alergi
63,a,0,a
64,distancia,0,distanci
65,altercado,0,alterc
66,ambigüedad,0,ambigüed
67,ambiguo,0,ambigu
68,ambivalencia,0,ambivalent
69,emboscada,0,embosc
70,mal,0,mal
71,amputar,0,amput
72,anarquismo,0,anarqu
73,anémico,0,anem
74,ira,0,ira
75,furiosamente,0,furi
76,enojo,0,enoj
77,animosidad,0,anim
78,aniquilar,0,aniquil
79,molestar,0,molest
80,molestia,0,molesti
81,irritado,0,irrit
82,anómalo,0,anomal
83,antagonismo,0,antagon
84,enemistarse,0,enemist
85,anti-,0,anti-
86,anti-americano,0,anti-american
87,anti-israelí,0,anti-israel
88,anti-ocupación,0,anti-ocup
89,anti-proliferación,0,anti-prolifer
90,antisemitas,0,antisemit
91,antisocial,0,antisocial
92,anti-nosotros,0,anti-nosotr
93,anti-blanco,0,anti-blanc
94,antipatía,0,antipat
95,anticuado,0,anticu
96,antitético,0,antitet
97,ansiedades,0,ansiedad
98,ansiedad,0,ansied
99,ansioso,0,ansios
100,ansiosamente,0,ansi
101,apático,0,apat
102,apocalipsis,0,apocalipsis
103,apocalíptico,0,apocalipt
104,apologista,0,apolog
105,horrorizado,0,horroriz
106,pésimo,0,pesim
107,horriblemente,0,horribl
108,detención,0,detencion
109,aprehensiones,0,aprehension
110,aprensivo,0,aprens
111,aprensión,0,aprension
112,arbitrario,0,arbitrari
113,arcano,0,arcan
114,arcaico,0,arcaic
115,arduo,0,ardu
116,discutidor,0,discutidor
117,arrogancia,0,arrog
118,avergonzado,0,avergonz
119,asnal,0,asnal
120,estúpidamente,0,estupid
121,anonimidad,0,anonim
122,de,0,de
123,reojo,0,reoj
124,difamar,0,difam
125,aspersión,0,aspersion
126,atacar,0,atac
127,asesino,0,asesin
128,asalto,0,asalt
129,por,0,por
130,camino,0,camin
131,en,0,en
132,pedazos,0,pedaz
133,atroz,0,atroz
134,atrocidades,0,atroc
135,atrofia,0,atrofi
136,ataque,0,ataqu
137,audaz,0,audaz
138,audacia,0,audaci
139,audiblemente,0,audibl
140,austero,0,auster
141,autoritario,0,autoritari
142,autócrata,0,autocrat
143,avalancha,0,avalanch
144,avaricia,0,avarici
145,avaro,0,avar
146,vengar,0,veng
147,contrario,0,contrari
148,aversión,0,aversion
149,muy,0,muy
150,horror,0,horror
151,torpe,0,torp
152,torpeza,0,torpez
153,hacha,0,hach
154,balbucear,0,balbuc
155,retrocedido,0,retroced
156,madera,0,mader
157,trasera,0,traser
158,región,0,region
159,apartada,0,apart
160,espalda,0,espald
161,apoyo,0,apoy
162,murmurar,0,murmur
163,hacia,0,haci
164,atrás,0,atras
165,deflector,0,deflector
166,desconcertado,0,desconcert
167,desconcierto,0,desconciert
168,cebo,0,ceb
169,obstáculo,0,obstacul
170,banal,0,banal
171,vulgarizar,0,vulgariz
172,perdición,0,perdicion
173,desterrar,0,desterr
174,destierro,0,destierr
175,arruinado,0,arruin
176,bárbaro,0,barbar
177,barbarie,0,barbari
178,estéril,0,esteril
179,infundado,0,infund
180,intento,0,intent
181,golpeado,0,golp
182,tímido,0,tim
183,paliza,0,paliz
184,Bastardo,0,bastard
185,cabrones,0,cabron
186,abollado,0,aboll
187,cañoneo,0,cañone
188,chalado,0,chal
189,osuno,0,osun
190,bestial,0,bestial
191,algarabía,0,algarab
192,ensuciar,0,ensuci
193,mendigar,0,mendig
194,miserable,0,miser
195,mendicidad,0,mendic
196,engañar,0,engañ
197,apalear,0,apal
198,tardío,0,tardi
199,sitiar,0,siti
200,desmentir,0,desment
201,empequeñecer,0,empequeñec
202,menospreciado,0,menospreci
203,belicoso,0,belic
204,beligerancia,0,beliger
205,lamentar,0,lament
206,perplejo,0,perplej
207,doblado,0,dobl
208,regañarse,0,regañ
209,privar,0,priv
210,duelo,0,duel
211,enloquecido,0,enloquec
212,implorar,0,implor
213,acosar,0,acos
214,manchar,0,manch
215,traicionar,0,traicion
216,traidor,0,traidor
217,llorar,0,llor
218,tener,0,ten
219,cuidado,0,cuid
220,confundir,0,confund
221,hechizar,0,hechiz
222,parcialidad,0,parcial
223,sesgos,0,sesg
224,disputa,0,disput
225,dimes,0,dim
226,y,0,y
227,diretes,0,diret
228,manipulación,0,manipul
229,licitaciones,0,licit
230,perra,0,perr
231,malévolo,0,malevol
232,mordiendo,0,mord
233,amargo,0,amarg
234,amargura,0,amargur
235,extraño,0,extrañ
236,cotilla,0,cotill
237,chismoso,0,chismos
238,chantaje,0,chantaj
239,paja,0,paj
240,culpa,0,culp
241,culpable,0,culpabl
242,amable,0,amabl
243,ablandar,0,abland
244,blasfemar,0,blasfem
245,blasfemia,0,blasfemi
246,evidente,0,evident
247,descaradamente,0,descar
248,decir,0,dec
249,tonterías,0,tont
250,desolado,0,desol
251,sangrar,0,sangr
252,defecto,0,defect
253,ciego,0,cieg
254,cegador,0,cegador
255,lado,0,lad
256,siego,0,sieg
257,ampolla,0,ampoll
258,hinchado,0,hinch
259,bloqueo,0,bloque
260,estúpido,0,estup
261,matanza,0,matanz
262,sanguinario,0,sanguinari
263,sangriento,0,sangrient
264,enrojecido,0,enrojec
265,soplo,0,sopl
266,errores,0,error
267,embotar,0,embot
268,difuminar,0,difumin
269,borroso,0,borros
270,borrón,0,borron
271,bruscamente,0,brusc
272,jactancioso,0,jactanci
273,sobresaltarse,0,sobresalt
274,FALSO,0,fals
275,hervir,0,herv
276,hirviendo,0,hirv
277,bullicioso,0,bullici
278,bomba,0,bomb
279,bombardear,0,bombard
280,bombardeo,0,bombarde
281,rimbombante,0,rimbomb
282,esclavitud,0,esclavitud
283,loco,0,loc
284,aburrir,0,aburr
285,chapucear,0,chapuc
286,expurgar,0,expurg
287,boicotear,0,boicot
288,fanfarrón,0,fanfarron
289,lavar,0,lav
290,el,0,el
291,cerebro,0,cerebr
292,temerario,0,temerari
293,palo,0,pal
294,golf,0,golf
295,bravata,0,bravat
296,incumplimiento,0,incumpl
297,romper,0,romp
298,ruptura,0,ruptur
299,Descompostura,0,descompostur
300,rotura,0,rotur
301,soborno,0,soborn
302,azufre,0,azufr
303,cerda,0,cerd
304,frágil,0,fragil
305,roto,0,rot
306,corazón,0,corazon
307,cría,0,cri
308,atemorizar,0,atemoriz
309,moretón,0,moreton
310,magullado,0,magull
311,brutal,0,brutal
312,brutalizar,0,brutaliz
313,embrutecer,0,embrutec
314,bruto,0,brut
315,bs,0,bs
316,hebilla,0,hebill
317,insecto,0,insect
318,calesa,0,cales
319,mas,0,mas
320,voluminoso,0,volumin
321,volumen,0,volum
322,matones,0,maton
323,mierda,0,mierd
324,intimidante,0,intimid
325,culo,0,cul
326,bache,0,bach
327,abultado,0,abult
328,estropear,0,estrop
329,chapucero,0,chapucer
330,litera,0,liter
331,carga,0,carg
332,gravoso,0,gravos
333,pesadamente,0,pesad
334,quemar,0,quem
335,ardiente,0,ardient
336,quemaduras,0,quemadur
337,busto,0,bust
338,entrometido,0,entromet
339,Carnicero,0,carnicer
340,carnicería,0,carnic
341,zumbido,0,zumb
342,bizantino,0,bizantin
343,cacareo,0,cacare
344,calamidades,0,calam
345,calamitoso,0,calamit
346,calloso,0,callos
347,calumniar,0,calumni
348,cáncer,0,canc
349,canceroso,0,cancer
350,caníbal,0,canibal
351,canibalizar,0,canibaliz
352,capitular,0,capitul
353,caprichoso,0,caprich
354,zozobrar,0,zozobr
355,descuidado,0,descuid
356,descuido,0,descu
357,caricatura,0,caricatur
358,carpa,0,carp
359,problemas,0,problem
360,liquidez,0,liquidez
361,castigar,0,castig
362,castrado,0,castr
363,víctima,0,victim
364,cataclismo,0,catacl
365,catástrofe,0,catastrof
366,cáustico,0,caustic
367,advertido,0,advert
368,cueva,0,cuev
369,censura,0,censur
370,rozar,0,roz
371,disgusto,0,disgust
372,desafiante,0,desafi
373,caos,0,caos
374,caótico,0,caotic
375,charla,0,charl
376,parlanchín,0,parlanchin
377,barato,0,barat
378,abaratar,0,abarat
379,tramposo,0,trampos
380,trampas,0,tramp
381,cuadros,0,cuadr
382,triste,0,trist
383,caseoso,0,caseos
384,reprendo,0,reprend
385,infantil,0,infantil
386,frío,0,fri
387,ahogo,0,ahog
388,colérico,0,coler
389,picado,0,pic
390,faena,0,faen
391,crónico,0,cronic
392,fornido,0,forn
393,clamor,0,clamor
394,choque,0,choqu
395,cliché,0,clich
396,camarilla,0,camarill
397,obstruir,0,obstru
398,zuecos,0,zuec
399,nube,0,nub
400,enturbiamiento,0,enturbi
401,nublado,0,nubl
402,grueso,0,grues
403,engreído,0,engreid
404,obligar,0,oblig
405,coerción,0,coercion
406,coactivo,0,coactiv
407,fríamente,0,friament
408,colapso,0,colaps
409,confabularse,0,confabul
410,colusión,0,colusion
411,combativo,0,combat
412,arder,0,arder
413,cómico,0,comic
414,compadecer,0,compadec
415,vulgar,0,vulg
416,conmoción,0,conmocion
417,suficiente,0,suficient
418,quejar,0,quej
419,se,0,se
420,quejumbroso,0,quejumbr
421,complejo,0,complej
422,Complicado,0,complic
423,compulsión,0,compulsion
424,compulsivo,0,compuls
425,conceder,0,conced
426,presunción,0,presuncion
427,concentrarse,0,concentr
428,preocupación,0,preocup
429,concesión,0,concesion
430,condenar,0,conden
431,condescender,0,condescend
432,condescendiente,0,condescendient
433,condescendencia,0,condescendent
434,confesar,0,confes
435,confesión,0,confesion
436,confinado,0,confin
437,conflicto,0,conflict
438,contradictorio,0,contradictori
439,aturdido,0,aturd
440,confuso,0,confus
441,confrontar,0,confront
442,confusión,0,confusion
443,congestionado,0,congestion
444,contras,0,contr
445,conservador,0,conserv
446,conspicuo,0,conspicu
447,conspiraciones,0,conspir
448,consternación,0,constern
449,contagioso,0,contagi
450,contaminar,0,contamin
451,desprecio,0,despreci
452,desdeñoso,0,desdeñ
453,contender,0,contend
454,contención,0,contencion
455,contencioso,0,contenci
456,retorcer,0,retorc
457,contorsiones,0,contorsion
458,contradecir,0,contradec
459,contradicción,0,contradiccion
460,contrariedad,0,contraried
461,infringir,0,infring
462,idear,0,ide
463,inventado,0,invent
464,polémico,0,polem
465,controversia,0,controversi
466,corroer,0,corr
467,corrosión,0,corrosion
468,corrupto,0,corrupt
469,corrompiendo,0,corromp
470,corrupción,0,corrupcion
471,costoso,0,costos
472,contraproducente,0,contraproducent
473,golpistas,0,golpist
474,codicioso,0,codici
475,cobarde,0,cobard
476,osco,0,osco
477,grieta,0,griet
478,agrietado,0,agriet
479,astutamente,0,astut
480,calambre,0,calambr
481,estrecho,0,estrech
482,maniático,0,maniat
483,dados,0,dad
484,estrellado,0,estrell
485,craso,0,cras
486,manía,0,man
487,locura,0,locur
488,crujir,0,cruj
489,crujiente,0,crujient
490,crédulo,0,credul
491,arrastrarse,0,arrastr
492,progresivo,0,progres
493,grima,0,grim
494,Siniestro,0,siniestr
495,crimen,0,crim
496,delincuente,0,delincuent
497,encogerse,0,encog
498,lisiado,0,lisi
499,herida,0,her
500,crisis,0,crisis
501,crítico,0,critic
502,amiguismo,0,amigu
503,ladrón,0,ladron
504,torcido,0,torc
505,lleno,0,llen
506,gente,0,gent
507,hacinamiento,0,hacin
508,crudo,0,crud
509,cruel,0,cruel
510,crueldad,0,crueld
511,crueldades,0,crueldad
512,desmoronarse,0,desmoron
513,sucio,0,suci
514,arruga,0,arrug
515,Persona,0,person
516,especial,0,especial
517,aplastada,0,aplast
518,incómodo,0,incomod
519,coño,0,coñ
520,maldición,0,maldicion
521,tipo,0,tip
522,terco,0,terc
523,cínico,0,cinic
524,cinismo,0,cinism
525,dañar,0,dañ
526,perjuicios,0,perjuici
527,perjudicial,0,perjudicial
528,detestable,0,detest
529,apagador,0,apag
530,peligro,0,peligr
531,oscuro,0,oscur
532,oscurecer,0,oscurec
533,asquerosa,0,asquer
534,ruin,0,ruin
535,acobardar,0,acobard
536,desalentador,0,desalent
537,desalentadoramente,0,desalentador
538,holgazanear,0,holgazan
539,muerto,0,muert
540,perezoso,0,perez
541,punto,0,punt
542,mortal,0,mortal
543,peso,0,pes
544,sordo,0,sord
545,escasez,0,escasez
546,debacle,0,debacl
547,degradar,0,degrad
548,humillación,0,humill
549,discutible,0,discut
550,libertino,0,libertin
551,libertinaje,0,libertinaj
552,debilitar,0,debilit
553,debilidad,0,debil
554,deuda,0,deud
555,decadencia,0,decadent
556,decaído,0,decaid
557,declamar,0,declam
558,disminución,0,disminu
559,declina,0,declin
560,decremento,0,decrement
561,decrépito,0,decrepit
562,decrepitud,0,decrepitud
563,desacreditar,0,desacredit
564,difamatorio,0,difamatori
565,defectuoso,0,defectu
566,defensivo,0,defens
567,deficiencias,0,deficient
568,desfiladero,0,desfilader
569,profanador,0,profan
570,deformar,0,deform
571,defraudar,0,defraud
572,difunto,0,difunt
573,degenerar,0,degener
574,deshumanización,0,deshumaniz
575,dignarse,0,dign
576,presar,0,pres
577,abatido,0,abat
578,retrasar,0,retras
579,delirante,0,delir
580,delirio,0,deliri
581,diluvio,0,diluvi
582,alucinaciones,0,alucin
583,fallecimiento,0,fallec
584,demoler,0,demol
585,demoledor,0,demoledor
586,demonio,0,demoni
587,demoníaco,0,demoniac
588,demonizar,0,demoniz
589,desmoralizar,0,desmoraliz
590,desmoralizadoramente,0,desmoralizador
591,negación,0,negacion
592,negado,0,neg
593,niega,0,nieg
594,denigrar,0,denigr
595,denunciar,0,denunci
596,denso,0,dens
597,mella,0,mell
598,abolladuras,0,abolladur
599,agotar,0,agot
600,deplorable,0,deplor
601,depravar,0,deprav
602,desaprobar,0,desaprob
603,deprimir,0,deprim
604,deprimente,0,depriment
605,depresión,0,depresion
606,ridiculizar,0,ridiculiz
607,burla,0,burl
608,burlón,0,burlon
609,despectivo,0,despect
610,Desierto,0,desiert
611,deserción,0,desercion
612,desecar,0,desec
613,destituir,0,destitu
614,solitario,0,solitari
615,soledad,0,soled
616,desesperación,0,desesper
617,despojar,0,despoj
618,saqueador,0,saqueador
619,déspota,0,despot
620,desestabilización,0,desestabiliz
621,desteñidos,0,desteñ
622,indigente,0,indigent
623,destruir,0,destru
624,destructor,0,destructor
625,destrucción,0,destruccion
626,destructivo,0,destruct
627,inconexo,0,inconex
628,deteriorarse,0,deterior
629,disuasorio,0,disuasori
630,detraer,0,detr
631,restado,0,rest
632,desmereciendo,0,desmerec
633,detracción,0,detraccion
634,detrimento,0,detriment
635,devastar,0,devast
636,devastadoramente,0,devastador
637,desviarse,0,desvi
638,desviación,0,desviacion
639,diablo,0,diabl
640,diabólico,0,diabol
641,diablura,0,diablur
642,tortuoso,0,tortuos
643,tortuosamente,0,tortu
644,vacío,0,vaci
645,diametralmente,0,diametral
646,decepcionado,0,decepcion
647,diatriba,0,diatrib
648,polla,0,poll
649,dictador,0,dictador
650,dictatorial,0,dictatorial
651,morir,0,mor
652,intransigente,0,intransigent
653,murió,0,mur
654,muere,0,muer
655,difícil,0,dificil
656,dificultades,0,dificultad
657,dificultad,0,dificult
658,timidez,0,timidez
659,dilema,0,dilem
660,regulador,0,regul
661,intensidad,0,intens
662,estruendo,0,estruend
663,timbre,0,timbr
664,mono,0,mon
665,terrible,0,terribl
666,suciedad,0,sucied
667,bolsa,0,bols
668,tierra,0,tierr
669,basura,0,basur
670,inhabilitar,0,inhabilit
671,discapacitado,0,discapacit
672,desacuerdo,0,desacuerd
673,desventaja,0,desventaj
674,perjudicado,0,perjudic
675,desafectar,0,desafect
676,testar,0,test
677,discrepar,0,discrep
678,desagradable,0,desagrad
679,no,0,no
680,está,0,esta
681,acuerdo,0,acuerd
682,rechazar,0,rechaz
683,desarmar,0,desarm
684,desorden,0,desord
685,desastre,0,desastr
686,repudiar,0,repudi
687,incredulidad,0,incredul
688,creer,0,cre
689,algo,0,algo
690,malestar,0,malest
691,descomponer,0,descompon
692,desconsolado,0,desconsol
693,descontento,0,descontent
694,interrumpido,0,interrump
695,discontinuidad,0,discontinu
696,discordia,0,discordi
697,discordancia,0,discord
698,desánimo,0,desanim
699,descortés,0,descortes
700,descrédito,0,descredit
701,discriminar,0,discrimin
702,discriminatorio,0,discriminatori
703,desdén,0,desden
704,desfavorecer,0,desfavorec
705,desgracia,0,desgraci
706,deshonrado,0,deshonr
707,vergonzoso,0,vergonz
708,asco,0,asco
709,repugnante,0,repugn
710,descorazonador,0,descorazon
711,deshonesto,0,deshonest
712,desilusión,0,desilusion
713,poco,0,poc
714,inclinado,0,inclin
715,desintegrarse,0,desintegr
716,desinterés,0,desinteres
717,le,0,le
718,gusta,0,gust
719,dislocado,0,disloc
720,desleal,0,desleal
721,deslealtad,0,deslealt
722,tristemente,0,tristement
723,tristeza,0,tristez
724,desobediencia,0,desobedient
725,desobedecer,0,desobedec
726,trastorno,0,trastorn
727,desordenado,0,desorden
728,desestructurado,0,desestructur
729,desorientar,0,desorient
730,renegar,0,reneg
731,dispensable,0,dispens
732,desplazar,0,desplaz
733,desproporcionado,0,desproporcion
734,refutar,0,refut
735,cuestionado,0,cuestion
736,desasosiego,0,desasosieg
737,inquietante,0,inquiet
738,indiferencia,0,indiferent
739,fama,0,fam
740,falta,0,falt
741,respeto,0,respet
742,irrespetuoso,0,irrespetu
743,disruptivo,0,disrupt
744,insatisfacción,0,insatisfaccion
745,satisfactorio,0,satisfactori
746,insatisfecho,0,insatisfech
747,insatisfactorio,0,insatisfactori
748,disimular,0,disimul
749,disensión,0,disension
750,disentimiento,0,disent
751,disidente,0,disident
752,deservicio,0,deservici
753,insultando,0,insult
754,hostil,0,hostil
755,disoluto,0,disolut
756,disolución,0,disolu
757,disonancia,0,dison
758,disuadir,0,disuad
759,disuasivo,0,disuas
760,distorsionar,0,distorsion
761,distraer,0,distr
762,distracción,0,distraccion
763,desconfianza,0,desconfi
764,disturbio,0,disturbi
765,perturbado,0,perturb
766,desunión,0,desunion
767,desvalorizar,0,desvaloriz
768,divergente,0,divergent
769,divisivo,0,divis
770,mareado,0,mar
771,chocho,0,choch
772,esquivo,0,esquiv
773,obstinado,0,obstin
774,dogmático,0,dogmat
775,zona,0,zon
776,las,0,las
777,calmas,0,calm
778,ecuatoriales,0,ecuatorial
779,dominar,0,domin
780,Día,0,dia
781,del,0,del
782,Juicio,0,juici
783,Final,0,final
784,droga,0,drog
785,duda,0,dud
786,dudoso,0,dudos
787,idiota,0,idiot
788,gilipollas,0,gilipoll
789,imbéciles,0,imbecil
790,alicaído,0,alicaid
791,caída,0,caid
792,cuesta,0,cuest
793,abajo,0,abaj
794,recesión,0,recesion
795,monótono,0,monoton
796,draconiano,0,draconian
797,dragón,0,dragon
798,desagüe,0,desagü
799,drenando,0,dren
800,drástico,0,drastic
801,retirarse,0,retir
802,inconvenientes,0,inconvenient
803,pavor,0,pavor
804,goteado,0,got
805,goteo,0,gote
806,chorreante,0,chorreant
807,cae,0,cae
808,abandonar,0,abandon
809,sequía,0,sequ
810,borracho,0,borrach
811,duplicable,0,duplic
812,zoquete,0,zoquet
813,pasmar,0,pasm
814,tugurio,0,tuguri
815,arrojado,0,arroj
816,dumping,0,dumping
817,deshecho,0,deshech
818,burro,0,burr
819,calabozo,0,calaboz
820,mazmorras,0,mazmorr
821,polvo,0,polv
822,polvoriento,0,polvorient
823,menguando,0,mengu
824,moribundo,0,moribund
825,ensordecedor,0,ensordecedor
826,excéntrico,0,excentr
827,efigie,0,efigi
828,egocéntrico,0,egocentr
829,ego,0,ego
830,egotismo,0,egot
831,ególatra,0,egolatr
832,egoístamente,0,egoist
833,enorme,0,enorm
834,aparejador,0,aparej
835,electoral,0,electoral
836,eliminación,0,elimin
837,demacrado,0,demacr
838,embarazoso,0,embaraz
839,vergüenza,0,vergüenz
840,orden,0,orden
841,batalla,0,batall
842,embrollar,0,embroll
843,emergencia,0,emergent
844,enfático,0,enfat
845,invadir,0,invad
846,invasión,0,invasion
847,poner,0,pon
848,enemigos,0,enemig
849,enervar,0,enerv
850,inflamarse,0,inflam
851,sumergir,0,sumerg
852,imponer,0,impon
853,enfurecer,0,enfurec
854,esclavizar,0,esclaviz
855,enredar,0,enred
856,entrelazamiento,0,entrelaz
857,entrampar,0,entramp
858,atrapamiento,0,atrap
859,envidioso,0,envidi
860,epidemia,0,epidemi
861,equívoco,0,equivoc
862,borrar,0,borr
863,erosionar,0,erosion
864,errar,0,errar
865,andante,0,andant
866,errático,0,errat
867,erróneo,0,errone
868,erróneamente,0,erron
869,erupciones,0,erupcion
870,escapada,0,escap
871,evitar,0,evit
872,evadir,0,evad
873,evasión,0,evasion
874,evasivo,0,evas
875,malhechor,0,malhechor
876,destripar,0,destrip
877,exagerar,0,exager
878,exasperar,0,exasper
879,excesivo,0,exces
880,exclusión,0,exclusion
881,excoriar,0,excori
882,agudísimo,0,agudisim
883,excusa,0,excus
884,execrar,0,execr
885,cansada,0,cans
886,exorbitante,0,exorbit
887,exhortar,0,exhort
888,exilio,0,exili
889,expulsar,0,expuls
890,expirar,0,expir
891,Caducado,0,caduc
892,explotar,0,explot
893,explosivo,0,explos
894,expropiar,0,expropi
895,exterminar,0,extermin
896,exterminio,0,extermini
897,extinguir,0,extingu
898,extorsionar,0,extorsion
899,extravagancia,0,extravag
900,extremismo,0,extrem
901,monstruosidad,0,monstru
902,joder,0,jod
903,fabricar,0,fabric
904,chistoso,0,chistos
905,broma,0,brom
906,fallar,0,fall
907,ha,0,ha
908,fracaso,0,fracas
909,desmayarse,0,desmay
910,otoño,0,otoñ
911,falacias,0,falaci
912,falazmente,0,falaz
913,que,0,que
914,caer,0,caer
915,falsedad,0,falsed
916,falsificar,0,falsific
917,desfallecer,0,desfallec
918,vaciló,0,vacil
919,hambruna,0,hambrun
920,famélico,0,famel
921,imaginario,0,imaginari
922,inverosímil,0,inverosimil
923,farsa,0,fars
924,pero,0,per
925,provocativo,0,provoc
926,ridículamente,0,ridicul
927,descabellado,0,descabell
928,fascismo,0,fascism
929,fascista,0,fascist
930,fastidioso,0,fastidi
931,fastuoso,0,fastuos
932,grasa,0,gras
933,gato,0,gat
934,gordo,0,gord
935,fatal,0,fatal
936,fatalistamente,0,fatalist
937,fatídico,0,fatid
938,insondable,0,insond
939,fatiga,0,fatig
940,fatuidad,0,fatuid
941,fatuo,0,fatu
942,adulador,0,adul
943,temor,0,temor
944,miedo,0,mied
945,temible,0,temibl
946,irresponsable,0,irrespons
947,mentales,0,mental
948,fingir,0,fing
949,finta,0,fint
950,cayó,0,cay
951,felón,0,felon
952,criminal,0,criminal
953,ferozmente,0,feroz
954,ferocidad,0,feroc
955,fétido,0,fet
956,fiebre,0,fiebr
957,febril,0,febril
958,fiasco,0,fiasc
959,mentira,0,mentir
960,voluble,0,volubl
961,ficción,0,ficcion
962,ficticio,0,fictici
963,agitarse,0,agit
964,nervioso,0,nervios
965,figura,0,figur
966,decorativa,0,decor
967,inmundicia,0,inmundici
968,inmundo,0,inmund
969,melindroso,0,melindr
970,fisuras,0,fisur
971,puño,0,puñ
972,asombrar,0,asombr
973,flojo,0,floj
974,flagrante,0,flagrant
975,notoriamente,0,notori
976,instinto,0,instint
977,reproches,0,reproch
978,escama,0,escam
979,descamación,0,descam
980,llamarada,0,llamar
981,estallar,0,estall
982,brotes,0,brot
983,plano,0,plan
984,lucir,0,luc
985,huir,0,huir
986,huyó,0,huy
987,huyendo,0,huyend
988,fugaz,0,fugaz
989,parpadeante,0,parpad
990,parpadeo,0,parpade
991,frívolo,0,frivol
992,endeble,0,endebl
993,Ligar,0,lig
994,coqueta,0,coquet
995,derribado,0,derrib
996,platija,0,platij
997,tambaleándose,0,tambal
998,neciamente,0,neci
999,prohibir,0,prohib
1000,amenazante,0,amenaz
1001,potente,0,potent
1002,presentimiento,0,present
1003,premonitoriamente,0,premonitori
1004,perder,0,perd
1005,olvidadizo,0,olvidadiz
1006,olvido,0,olvid
1007,abjurar,0,abjur
1008,díscolo,0,discol
1009,frenéticamente,0,frenet
1010,fractura,0,fractur
1011,fragmentado,0,fragment
1012,fraude,0,fraud
1013,fraudulento,0,fraudulent
1014,tenso,0,tens
1015,monstruoso,0,monstruos
1016,congelar,0,congel
1017,frenesí,0,frenes
1018,displicente,0,displicent
1019,trastes,0,trast
1020,fricción,0,friccion
1021,frito,0,frit
1022,susto,0,sust
1023,asustar,0,asust
1024,aterrador,0,aterr
1025,frígido,0,frig
1026,escarcha,0,escarch
1027,fruncir,0,frunc
1028,ceño,0,ceñ
1029,infructuoso,0,infructu
1030,frustrar,0,frustr
1031,frustrante,0,frustrant
1032,frustración,0,frustracion
1033,fugitivo,0,fugit
1034,toda,0,tod
1035,regla,0,regl
1036,fulminar,0,fulmin
1037,buscar,0,busc
1038,tientas,0,tient
1039,humo,0,hum
1040,vapores,0,vapor
1041,fundamentalismo,0,fundamental
1042,miedoso,0,miedos
1043,gracioso,0,gracios
1044,furioso,0,furios
1045,furor,0,furor
1046,escándalo,0,escandal
1047,exigente,0,exigent
1048,fustigar,0,fustig
1049,rancio,0,ranci
1050,fútil,0,futil
1051,inútilmente,0,inutil
1052,garfio,0,garfi
1053,metedura,0,metedur
1054,pata,0,pat
1055,hiel,0,hiel
1056,mortificante,0,mortif
1057,agallas,0,agall
1058,gángster,0,gangst
1059,mirar,0,mir
1060,boquiabierto,0,boquiabiert
1061,llamativo,0,llamat
1062,jadear,0,jad
1063,desmañado,0,desmañ
1064,papar,0,pap
1065,moscas,0,mosc
1066,desgarbado,0,desgarb
1067,vejestorio,0,vejestori
1068,genocidio,0,genocidi
1069,Hacerse,0,hac
1070,rico,0,ric
1071,fantasma,0,fantasm
1072,farfullar,0,farfull
1073,truco,0,truc
1074,destello,0,destell
1075,deslumbrante,0,deslumbr
1076,fácil,0,facil
1077,sinceridad,0,sincer
1078,regocijo,0,regocij
1079,melancólico,0,melancol
1080,sombrío,0,sombri
1081,roer,0,roer
1082,aguijón,0,aguijon
1083,Dios,0,dios
1084,bobo,0,bob
1085,mentecato,0,mentecat
1086,seguir,0,segu
1087,chisme,0,chism
1088,gracia,0,graci
1089,injerto,0,injert
1090,granoso,0,granos
1091,luchar,0,luch
1092,rallar,0,rall
1093,rejilla,0,rejill
1094,gravemente,0,gravement
1095,grasiento,0,grasient
1096,grave,0,grav
1097,severo,0,sever
1098,mueca,0,muec
1099,moler,0,mol
1100,cólicos,0,colic
1101,espeluznante,0,espeluzn
1102,arenoso,0,aren
1103,grotesco,0,grotesc
1104,cascarrabias,0,cascarrabi
1105,malhumorado,0,malhumor
1106,gruñido,0,gruñ
1107,resentimiento,0,resent
1108,rencores,0,rencor
1109,regañadientes,0,regañadient
1110,gruñón,0,gruñon
1111,culpadamente,0,culpad
1112,canal,0,canal
1113,cortar,0,cort
1114,tajos,0,taj
1115,regatear,0,regat
1116,cabello,0,cabell
1117,entusiasta,0,entusiast
1118,medias,0,medi
1119,cesto,0,cest
1120,obstaculizado,0,obstaculiz
1121,minusválido,0,minusval
1122,colgar,0,colg
1123,cuelga,0,cuelg
1124,al,0,al
1125,azar,0,azar
1126,desventurado,0,desventur
1127,arenga,0,areng
1128,albergando,0,alberg
1129,puertos,0,puert
1130,duro,0,dur
1131,línea,0,line
1132,político,0,polit
1133,bola,0,bol
1134,endurecer,0,endurec
1135,curtido,0,curt
1136,cabeza,0,cabez
1137,privación,0,privacion
1138,arpía,0,arpi
1139,bruja,0,bruj
1140,grada,0,grad
1141,prisa,0,pris
1142,precipitadamente,0,precipit
1143,apresurado,0,apresur
1144,odio,0,odi
1145,odioso,0,odios
1146,altivamente,0,altiv
1147,guarida,0,guar
1148,obsesionante,0,obsesion
1149,estragos,0,estrag
1150,halcón,0,halcon
1151,calina,0,calin
1152,brumoso,0,brumos
1153,rompecorazones,0,rompecorazon
1154,desgarradoramente,0,desgarrador
1155,pagano,0,pagan
1156,infierno,0,infiern
1157,un,0,un
1158,orador,0,orador
1159,cobertura,0,cobertur
1160,hedonista,0,hedon
1161,desatento,0,desatent
1162,fuerte,0,fuert
1163,hegemonismo,0,hegemon
1164,empeñado,0,empeñ
1165,gamberro,0,gamberr
1166,infiernos,0,infi
1167,indefenso,0,indefens
1168,impotente,0,impotent
1169,herejía,0,herej
1170,herético,0,heret
1171,feamente,0,feament
1172,caro,0,car
1173,impedir,0,imped
1174,silbido,0,silb
1175,siseó,0,sise
1176,acumular,0,acumul
1177,cojear,0,coj
1178,hueco,0,huec
1179,esperanza,0,esper
1180,horda,0,hord
1181,horrendo,0,horrend
1182,horripilante,0,horripil
1183,rehén,0,rehen
1184,semilleros,0,semiller
1185,exaltado,0,exalt
1186,invernáculo,0,invernacul
1187,mercachifle,0,mercachifl
1188,tararear,0,tarar
1189,húmedo,0,humed
1190,zumbador,0,zumbador
1191,hiriente,0,hirient
1192,lastimando,0,lastim
1193,estafador,0,estaf
1194,hipocresía,0,hipocres
1195,hipócrita,0,hipocrit
1196,histeria,0,histeri
1197,histérico,0,hister
1198,idioteces,0,idiotec
1199,idiotez,0,idiotez
1200,ocioso,0,ocios
1201,innoble,0,innobl
1202,ignominioso,0,ignomini
1203,ignorancia,0,ignor
1204,desaconsejado,0,desaconsej
1205,concebido,0,conceb
1206,definido,0,defin
1207,diseñado,0,diseñ
1208,desafortunado,0,desafortun
1209,formado,0,form
1210,maleducado,0,maleduc
1211,maltratado,0,maltrat
1212,uso,0,uso
1213,usado,0,usad
1214,ilegal,0,ilegal
1215,ilegítimo,0,ilegitim
1216,ilícito,0,ilicit
1217,analfabeto,0,analfabet
1218,ilógico,0,ilog
1219,espejismo,0,espej
1220,ilusiones,0,ilusion
1221,ilusorio,0,ilusori
1222,desequilibrio,0,desequilibri
1223,inmaterial,0,inmaterial
1224,inmaduro,0,inmadur
1225,inminencia,0,inminent
1226,inmovilizado,0,inmoviliz
1227,inmoderado,0,inmoder
1228,inmodesto,0,inmodest
1229,inmoral,0,inmoral
1230,inamovible,0,inamov
1231,impaciencia,0,impacient
1232,procesar,0,proces
1233,impedimento,0,impediment
1234,impenitente,0,impenitent
1235,imperfecto,0,imperfect
1236,imperfección,0,imperfeccion
1237,imperialista,0,imperial
1238,imperioso,0,imperi
1239,inadmisible,0,inadmis
1240,impersonal,0,impersonal
1241,impertinente,0,impertinent
1242,impetuoso,0,impetu
1243,impiedad,0,impied
1244,afectar,0,afect
1245,impío,0,impi
1246,implacable,0,implac
1247,increíble,0,increibl
1248,implicar,0,implic
1249,impolítico,0,impolit
1250,importuno,0,importun
1251,impostores,0,impostor
1252,imponente,0,imponent
1253,imposición,0,imposicion
1254,imposible,0,impos
1255,imposibilidad,0,imposibil
1256,empobrecer,0,empobrec
1257,práctico,0,practic
1258,imprecar,0,imprec
1259,impreciso,0,imprecis
1260,imprecisión,0,imprecision
1261,encarcelar,0,encarcel
1262,prisión,0,prision
1263,improbabilidad,0,improb
1264,incorrecto,0,incorrect
1265,impropiedad,0,impropied
1266,imprudencia,0,imprudent
1267,impudente,0,impudent
1268,impugnar,0,impugn
1269,impulsivo,0,impuls
1270,impunidad,0,impun
1271,impuro,0,impur
1272,impureza,0,impurez
1273,incapacidad,0,incapac
1274,inexactitudes,0,inexactitud
1275,inexactamente,0,inexact
1276,acción,0,accion
1277,inactivo,0,inact
1278,insuficiencia,0,insuficient
1279,inadecuado,0,inadecu
1280,inadvertido,0,inadvert
1281,inadvertidamente,0,inadvertid
1282,inane,0,inan
1283,inapropiado,0,inapropi
1284,inepto,0,inept
1285,ineptitud,0,ineptitud
1286,inarticulado,0,inarticul
1287,inatento,0,inatent
1288,inaudible,0,inaud
1289,incapaz,0,incapaz
1290,incauto,0,incaut
1291,incendiario,0,incendiari
1292,incienso,0,inciens
1293,incesante,0,inces
1294,incitar,0,incit
1295,incivilidad,0,incivil
1296,inclemente,0,inclement
1297,incoherencia,0,incoherent
1298,inconmensurable,0,inconmensur
1299,incomparable,0,incompar
1300,incompatibilidad,0,incompatibil
1301,incompatible,0,incompat
1302,incompetencia,0,incompetent
1303,incompleto,0,incomplet
1304,incumplidor,0,incumplidor
1305,incomprensible,0,incomprens
1306,incomprensión,0,incomprension
1307,inconcebible,0,inconceb
1308,incongruente,0,incongruent
1309,inconsecuente,0,inconsecuent
1310,desconsiderado,0,desconsider
1311,inconsistencia,0,inconsistent
1312,inconsolable,0,inconsol
1313,inconstante,0,inconst
1314,incorregible,0,incorreg
1315,inculcar,0,inculc
1316,indecencia,0,indecent
1317,indecisión,0,indecision
1318,indeciso,0,indecis
1319,indecoro,0,indecor
1320,indefendible,0,indefend
1321,delicado,0,delic
1322,indeterminable,0,indetermin
1323,indignado,0,indign
1324,indiscernible,0,indiscern
1325,indiscreto,0,indiscret
1326,indiscreción,0,indiscrecion
1327,indistinto,0,indistint
1328,indiscriminadamente,0,indiscrimin
1329,indistinguible,0,indistingu
1330,adoctrinar,0,adoctrin
1331,indolente,0,indolent
1332,complacer,0,complac
1333,ineficaz,0,ineficaz
1334,inoperancia,0,inoper
1335,ineficacia,0,ineficaci
1336,ineficiente,0,ineficient
1337,elegancia,0,eleg
1338,inelegible,0,ineleg
1339,ineludible,0,inelud
1340,desigualdades,0,desigualdad
1341,desigualdad,0,desiguald
1342,injusto,0,injust
1343,inequidades,0,inequ
1344,esencial,0,esencial
1345,inevitable,0,inevit
1346,inexcusable,0,inexcus
1347,inexorable,0,inexor
1348,inexperiencia,0,inexperient
1349,inexperto,0,inexpert
1350,inexpiable,0,inexpi
1351,inexplicable,0,inexplic
1352,inextricable,0,inextric
1353,infame,0,infam
1354,infamia,0,infami
1355,infectado,0,infect
1356,infección,0,infeccion
1357,inferior,0,inferior
1358,infernal,0,infernal
1359,infestar,0,infest
1360,infiel,0,infiel
1361,infiltrado,0,infiltr
1362,enfermizo,0,enfermiz
1363,inflamatorio,0,inflamatori
1364,inflado,0,inflad
1365,inflacionista,0,inflacion
1366,inflexible,0,inflex
1367,infligir,0,inflig
1368,infracción,0,infraccion
1369,ingrato,0,ingrat
1370,ingratitud,0,ingratitud
1371,inhibir,0,inhib
1372,inhibición,0,inhibicion
1373,inhóspito,0,inhospit
1374,hospitalidad,0,hospital
1375,inhumano,0,inhuman
1376,inicuo,0,inicu
1377,iniquidad,0,iniqu
1378,juicioso,0,juicios
1379,lesionar,0,lesion
1380,injusticia,0,injustici
1381,insinuación,0,insinu
1382,inoportuno,0,inoportun
1383,desmesuradamente,0,desmesur
1384,insano,0,insan
1385,insaciable,0,insaci
1386,inseguro,0,insegur
1387,insensible,0,insens
1388,insensibilidad,0,insensibil
1389,insidioso,0,insidi
1390,insignificancia,0,insignif
1391,insignificantemente,0,insignific
1392,insincero,0,insincer
1393,insociable,0,insoci
1394,insolencia,0,insolent
1395,insolvente,0,insolvent
1396,despreocupación,0,despreocup
1397,inestabilidad,0,inest
1398,instigar,0,instig
1399,insubordinado,0,insubordin
1400,insubstancial,0,insubstancial
1401,insustancialmente,0,insustancial
1402,insufrible,0,insufr
1403,insular,0,insul
1404,insoportable,0,insoport
1405,insuperable,0,insuper
1406,insurrección,0,insurreccion
1407,interferir,0,interfer
1408,interfiere,0,interfier
1409,interferencia,0,interferent
1410,intermitente,0,intermitent
1411,interrupción,0,interrupcion
1412,intolerable,0,intoler
1413,intoxicar,0,intoxic
1414,intratable,0,intrat
1415,intrusión,0,intrusion
1416,intruso,0,intrus
1417,inundar,0,inund
1418,invasor,0,invasor
1419,inválido,0,inval
1420,invalidar,0,invalid
1421,invalidez,0,invalidez
1422,invectiva,0,invect
1423,seducir,0,seduc
1424,envisiosamente,0,envisi
1425,invisible,0,invis
1426,involuntariamente,0,involuntari
1427,irascible,0,irasc
1428,airado,0,air
1429,airadamente,0,airad
1430,irónico,0,iron
1431,irregularidad,0,irregular
1432,irracional,0,irracional
1433,irreconciliable,0,irreconcili
1434,irrecuperable,0,irrecuper
1435,irredimible,0,irredim
1436,remedio,0,remedi
1437,irreformable,0,irreform
1438,irregular,0,irregul
1439,irrelevancia,0,irrelev
1440,irreparable,0,irrepar
1441,irremplazable,0,irremplaz
1442,irreprimible,0,irreprim
1443,irresoluto,0,irresolut
1444,irresoluble,0,irresolubl
1445,irrefutable,0,irrefut
1446,irreversible,0,irrevers
1447,aislar,0,aisl
1448,aislamiento,0,aislamient
1449,picor,0,picor
1450,produce,0,produc
1451,hastiado,0,hasti
1452,dentado,0,dent
1453,mermelada,0,mermel
1454,ictérico,0,icter
1455,celoso,0,celos
1456,celosamente,0,cel
1457,abucheos,0,abuche
1458,espasmódico,0,espasmod
1459,estar,0,estar
1460,nervios,0,nervi
1461,matar,0,mat
1462,trabajo,0,trabaj
1463,desempleado,0,desempl
1464,bufón,0,bufon
1465,sacudida,0,sacud
1466,vibración,0,vibracion
1467,temblor,0,temblor
1468,asustadizo,0,asustadiz
1469,drogadicto,0,drogadict
1470,depósito,0,deposit
1471,chatarra,0,chatarr
1472,sobresale,0,sobresal
1473,asesinato,0,asesinat
1474,aguafiestas,0,aguafiest
1475,bribón,0,bribon
1476,cuchillo,0,cuchill
1477,anudado,0,anud
1478,chiflado,0,chifl
1479,lánguido,0,langu
1480,lacayo,0,lacay
1481,carente,0,carent
1482,deslucido,0,desluc
1483,carece,0,carec
1484,lacónico,0,lacon
1485,rezagado,0,rezag
1486,despedido,0,desped
1487,embutido,0,embut
1488,incapacitado,0,incapacit
1489,languidecer,0,languidec
1490,languidez,0,languidez
1491,lánguidamente,0,languid
1492,larguirucho,0,larguiruch
1493,lapso,0,laps
1494,transcurrido,0,transcurr
1495,lascivo,0,lasciv
1496,último,0,ultim
1497,recurso,0,recurs
1498,latencia,0,latenci
1499,hazmerreír,0,hazmerreir
1500,transgresor,0,transgresor
1501,violar,0,viol
1502,la,0,la
1503,ley,0,ley
1504,dejar,0,dej
1505,despido,0,desp
1506,feliz,0,feliz
1507,agujereado,0,agujer
1508,hombre,0,hombr
1509,lascivia,0,lascivi
1510,sanguijuela,0,sanguijuel
1511,sospechoso,0,sospech
1512,izquierda,0,izquierd
1513,limón,0,limon
1514,largo,0,larg
1515,menos,0,men
1516,desarrollado,0,desarroll
1517,conocido,0,conoc
1518,letal,0,letal
1519,letárgico,0,letarg
1520,licencioso,0,licenci
1521,mintió,0,mint
1522,potencialmente,0,potencial
1523,vida,0,vid
1524,límite,0,limit
1525,litigioso,0,litigi
1526,lívido,0,liv
1527,lívidamente,0,livid
1528,dispuesto,0,dispuest
1529,tiempo,0,tiemp
1530,prolijo,0,prolij
1531,nostalgia,0,nostalgi
1532,escapatoria,0,escapatori
1533,lagunas,0,lagun
1534,suelto,0,suelt
1535,botín,0,botin
1536,perdedor,0,perdedor
1537,pierde,0,pierd
1538,ruidoso,0,ruidos
1539,malísimo,0,malisim
1540,Desamor,0,desamor
1541,amor,0,amor
1542,baja,0,baj
1543,calificación,0,calif
1544,humilde,0,humild
1545,lúgubre,0,lugubr
1546,tibio,0,tibi
1547,aterronado,0,aterron
1548,lunático,0,lunat
1549,estacada,0,estac
1550,señuelo,0,señuel
1551,Acechar,0,acech
1552,alfombrilla,0,alfombrill
1553,ratón,0,raton
1554,acostado,0,acost
1555,macabro,0,macabr
1556,enloquecedor,0,enloquecedor
1557,modo,0,mod
1558,rubia,0,rubi
1559,inadaptado,0,inadapt
1560,malcontento,0,malcontent
1561,malevolencia,0,malevolent
1562,malicia,0,malici
1563,maligno,0,malign
1564,maloliente,0,malolient
1565,trato,0,trat
1566,mutilar,0,mutil
1567,destrozado,0,destroz
1568,maníaco,0,maniac
1569,marginal,0,marginal
1570,ligeramente,0,liger
1571,martirio,0,martiri
1572,machacado,0,machac
1573,masacre,0,masacr
1574,empalagoso,0,empalag
1575,sensiblería,0,sensibl
1576,pobre,0,pobr
1577,sentido,0,sent
1578,mezquindad,0,mezquind
1579,mediocre,0,mediocr
1580,melodramático,0,melodramat
1581,fusión,0,fusion
1582,reactor,0,reactor
1583,mendaz,0,mendaz
1584,mendacidad,0,mendac
1585,servil,0,servil
1586,despiadado,0,despiad
1587,piedad,0,pied
1588,lío,0,lio
1589,líos,0,lios
1590,enano,0,enan
1591,militancia,0,milit
1592,pensar,0,pens
1593,fango,0,fang
1594,desalinear,0,desalin
1595,desalinea,0,desaline
1596,comprender,0,comprend
1597,convenir,0,conven
1598,comportamiento,0,comport
1599,portarse,0,port
1600,calcular,0,calcul
1601,diverso,0,divers
1602,travesura,0,travesur
1603,dañoso,0,daños
1604,conceptos,0,concept
1605,sinvergüenza,0,sinvergüenz
1606,miseria,0,miseri
1607,recelo,0,recel
1608,dirección,0,direccion
1609,aconsejar,0,aconsej
1610,manejar,0,manej
1611,percance,0,percanc
1612,informar,0,inform
1613,interpretar,0,interpret
1614,juzgar,0,juzg
1615,administrar,0,administr
1616,pronunciar,0,pronunci
1617,leer,0,leer
1618,malinterpretar,0,malinterpret
1619,tergiversación,0,tergivers
1620,declaración,0,declar
1621,niebla,0,niebl
1622,mistificado,0,mistific
1623,amante,0,amant
1624,entender,0,entend
1625,malentendido,0,malentend
1626,incomprendido,0,incomprend
1627,gemido,0,gem
1628,mofa,0,mof
1629,temperamental,0,temperamental
1630,mórbido,0,morb
1631,mortificado,0,mortific
1632,inmóvil,0,inmovil
1633,abigarrado,0,abigarr
1634,doliente,0,dolient
1635,fangoso,0,fangos
1636,vilipendio,0,vilipendi
1637,testarudo,0,testarud
1638,mundano,0,mundan
1639,turbio,0,turbi
1640,flexionando,0,flexion
1641,los,0,los
1642,músculos,0,muscul
1643,pulposo,0,pulpos
1644,misterioso,0,misteri
1645,mito,0,mit
1646,rocín,0,rocin
1647,persistente,0,persistent
1648,ingenuo,0,ingenu
1649,groseramente,0,groser
1650,travieso,0,travies
1651,náuseas,0,naus
1652,nauseabundo,0,nauseabund
1653,nebuloso,0,nebul
1654,innecesario,0,innecesari
1655,necesitado,0,necesit
1656,vil,0,vil
1657,nefastamente,0,nefast
1658,negativo,0,negat
1659,negligencia,0,negligent
1660,justicia,0,justici
1661,nepotismo,0,nepot
1662,ortiga,0,ortig
1663,neurótico,0,neurot
1664,pesadilla,0,pesadill
1665,quisquilloso,0,quisquill
1666,ruido,0,ruid
1667,inexistente,0,inexistent
1668,responde,0,respond
1669,disparates,0,disparat
1670,curioso,0,curios
1671,notoriedad,0,notoried
1672,nocivo,0,nociv
1673,entumecido,0,entumec
1674,obeso,0,obes
1675,objeción,0,objecion
1676,oblicuo,0,oblicu
1677,obliterar,0,obliter
1678,obsceno,0,obscen
1679,obsesivamente,0,obses
1680,obsoleto,0,obsolet
1681,obstrucción,0,obstruccion
1682,obtuso,0,obtus
1683,ocluir,0,oclu
1684,impar,0,impar
1685,rarezas,0,rarez
1686,olor,0,olor
1687,ofensa,0,ofens
1688,oficioso,0,ofici
1689,ominoso,0,omin
1690,omisión,0,omision
1691,omitir,0,omit
1692,Unilateral,0,unilateral
1693,oneroso,0,oner
1694,embate,0,embat
1695,oportunista,0,oportun
1696,oponerse,0,opon
1697,oposición,0,oposicion
1698,oprimir,0,oprim
1699,opresión,0,opresion
1700,opresivo,0,opres
1701,atmósfera,0,atmosfer
1702,opresores,0,opresor
1703,prueba,0,prueb
1704,huérfano,0,huerfan
1705,ostracismo,0,ostrac
1706,explosión,0,explosion
1707,arrebatos,0,arrebat
1708,paria,0,pari
1709,grito,0,grit
1710,proscrito,0,proscrit
1711,ultrajes,0,ultraj
1712,forastero,0,foraster
1713,sobreactuado,0,sobreactu
1714,sobre,0,sobr
1715,balance,0,balanc
1716,sobrevalorado,0,sobrevalor
1717,activado,0,activ
1718,equilibrio,0,equilibri
1719,marchito,0,marchit
1720,enfatizar,0,enfatiz
1721,demasiado,0,demasi
1722,sobrecalentar,0,sobrecalent
1723,sobrecargado,0,sobrecarg
1724,pasar,0,pas
1725,alto,0,alto
1726,pagado,0,pag
1727,extralimitarse,0,extralimit
1728,eclipsar,0,eclips
1729,vigilancia,0,vigil
1730,simplificación,0,simplif
1731,simplificado,0,simplific
1732,grande,0,grand
1733,derrocamiento,0,derroc
1734,anular,0,anul
1735,abrumar,0,abrum
1736,abrumadoramente,0,abrumador
1737,penosamente,0,pen
1738,esfuerzos,0,esfuerz
1739,palidece,0,palidec
1740,pan,0,pan
1741,pandemonio,0,pandemoni
1742,alcahuete,0,alcahuet
1743,complaciente,0,complacient
1744,proxenetas,0,proxenet
1745,pánico,0,panic
1746,paradójico,0,paradoj
1747,paralizar,0,paraliz
1748,paranoia,0,paranoi
1749,paranoico,0,paran
1750,parásito,0,parasit
1751,parodia,0,parodi
1752,partidista,0,partid
1753,partisanos,0,partisan
1754,pasivo,0,pasiv
1755,patético,0,patet
1756,patrocinar,0,patrocin
1757,venganza,0,venganz
1758,peculiar,0,peculi
1759,particularmente,0,particular
1760,pedante,0,pedant
1761,pelado,0,pel
1762,humor,0,humor
1763,penalizar,0,penaliz
1764,multa,0,mult
1765,pérfido,0,perf
1766,superficial,0,superficial
1767,perecer,0,perec
1768,pernicioso,0,pernici
1769,perseguir,0,persegu
1770,persecución,0,persecu
1771,pertinaz,0,pertinaz
1772,pertinacia,0,pertinaci
1773,penetrante,0,penetr
1774,perverso,0,pervers
1775,perversión,0,perversion
1776,pervertido,0,pervert
1777,pestífero,0,pestifer
1778,petrificado,0,petrific
1779,pequeño,0,pequeñ
1780,fobia,0,fobi
1781,fóbico,0,fobic
1782,piquete,0,piquet
1783,pillaje,0,pillaj
1784,picota,0,picot
1785,espinilla,0,espinill
1786,pellizco,0,pellizc
1787,piqué,0,piqu
1788,plagiar,0,plagi
1789,Plaga,0,plag
1790,pegajoso,0,pegaj
1791,juguete,0,juguet
1792,petición,0,peticion
1793,súplicas,0,suplic
1794,plebeyo,0,plebey
1795,situación,0,situacion
1796,trama,0,tram
1797,trazadores,0,trazador
1798,táctica,0,tactic
1799,saquear,0,saqu
1800,veneno,0,venen
1801,lento,0,lent
1802,diminuto,0,diminut
1803,polarización,0,polariz
1804,polemizar,0,polemiz
1805,pomposo,0,pompos
1806,postura,0,postur
1807,abadejo,0,abadej
1808,pobreza,0,pobrez
1809,parlotear,0,parlot
1810,parloteo,0,parlote
1811,precario,0,precari
1812,depredador,0,depred
1813,Predicamento,0,predicament
1814,prejuzgar,0,prejuzg
1815,prejuicios,0,prejuici
1816,premeditado,0,premedit
1817,presuntuoso,0,presuntu
1818,pretensión,0,pretension
1819,pretencioso,0,pretenci
1820,prevaricar,0,prevaric
1821,pinchazo,0,pinchaz
1822,picazón,0,picazon
1823,espinas,0,espin
1824,orgulloso,0,orgull
1825,primitivo,0,primit
1826,prisionero,0,prisioner
1827,problemático,0,problemat
1828,aplazar,0,aplaz
1829,procrastina,0,procrastin
1830,dilación,0,dilacion
1831,prohibitivo,0,prohibit
1832,propaganda,0,propagand
1833,propiedad,0,propied
1834,enjuiciar,0,enjuici
1835,protesta,0,protest
1836,prolongado,0,prolong
1837,palanca,0,palanc
1838,pugnazmente,0,pugnaz
1839,pugnacidad,0,pugnac
1840,puñetazo,0,puñetaz
1841,punitivo,0,punit
1842,punk,0,punk
1843,escuchimizado,0,escuchimiz
1844,marioneta,0,marionet
1845,curandero,0,curander
1846,escrúpulo,0,escrupul
1847,pelea,0,pele
1848,pendenciero,0,pendencier
1849,peleón,0,peleon
1850,raro,0,rar
1851,sutileza,0,sutilez
1852,rabioso,0,rabios
1853,racismo,0,racism
1854,racista,0,racist
1855,picante,0,picant
1856,radical,0,radical
1857,radicalización,0,radicaliz
1858,rabia,0,rabi
1859,harapiento,0,harapient
1860,carril,0,carril
1861,rastrillado,0,rastrill
1862,alboroto,0,alborot
1863,desenfrenado,0,desenfren
1864,destartalado,0,destartal
1865,despotricar,0,despotric
1866,peroratas,0,perorat
1867,violación,0,violacion
1868,traqueteo,0,traquete
1869,sonajas,0,sonaj
1870,reaccionario,0,reaccionari
1871,rebelde,0,rebeld
1872,reprensión,0,reprension
1873,recalcitrante,0,recalcitr
1874,renunciar,0,renunci
1875,recesivo,0,reces
1876,aturdidamente,0,aturdid
1877,retroceso,0,retroces
1878,redundancia,0,redund
1879,regreso,0,regres
1880,regresión,0,regresion
1881,arrepentido,0,arrepent
1882,recaída,0,recaid
1883,reluctancia,0,reluct
1884,reacio,0,reaci
1885,gana,0,gan
1886,remordimiento,0,remord
1887,repeler,0,repel
1888,repetitivo,0,repetit
1889,reprensible,0,reprens
1890,represivo,0,repres
1891,reprimir,0,reprim
1892,represión,0,represion
1893,reprimenda,0,reprimend
1894,reprobación,0,reprob
1895,repulsando,0,repuls
1896,resignación,0,resign
1897,resistencia,0,resistent
1898,inquietud,0,inquietud
1899,restringir,0,restring
1900,restricción,0,restriccion
1901,restrictivo,0,restrict
1902,resurgente,0,resurgent
1903,tomar,0,tom
1904,represalias,0,represali
1905,vengativo,0,vengat
1906,retardar,0,retard
1907,reticente,0,reticent
1908,retraer,0,retr
1909,revertir,0,revert
1910,injuriar,0,injuri
1911,revocar,0,revoc
1912,revuelta,0,revuelt
1913,revulsivo,0,revuls
1914,extasiarse,0,extasi
1915,retórica,0,retor
1916,abundante,0,abund
1917,rígido,0,rig
1918,rigidez,0,rigidez
1919,sacar,0,sac
1920,quicio,0,quici
1921,arrancar,0,arranc
1922,rasgado,0,rasg
1923,riesgo,0,riesg
1924,arriesgado,0,arriesg
1925,rival,0,rival
1926,barricadas,0,barric
1927,rocoso,0,rocos
1928,pícaro,0,picar
1929,montaña,0,montañ
1930,rusa,0,rus
1931,putrefacción,0,putrefaccion
1932,podrido,0,podr
1933,áspero,0,asper
1934,reparable,0,repar
1935,ruda,0,rud
1936,rufián,0,rufian
1937,volante,0,volant
1938,ruinoso,0,ruinos
1939,retumbar,0,retumb
1940,rumor,0,rumor
1941,estado,0,estad
1942,oxido,0,oxid
1943,rodera,0,roder
1944,surcos,0,surc
1945,sabotaje,0,sabotaj
1946,sacrificado,0,sacrific
1947,entristecer,0,entristec
1948,hundimiento,0,hundimient
1949,hundido,0,hund
1950,salaz,0,salaz
1951,mojigato,0,mojigat
1952,savia,0,savi
1953,sarcasmo,0,sarcasm
1954,sarcástico,0,sarcast
1955,sardónico,0,sardon
1956,hablar,0,habl
1957,satírico,0,satir
1958,satirizar,0,satiriz
1959,salvaje,0,salvaj
1960,escandalizar,0,escandaliz
1961,escaso,0,escas
1962,chivo,0,chiv
1963,expiatorio,0,expiatori
1964,cicatriz,0,cicatriz
1965,apenas,0,apen
1966,cicatrices,0,cicatric
1967,escéptico,0,escept
1968,azotar,0,azot
1969,revuelve,0,revuelv
1970,rasguño,0,rasguñ
1971,rayado,0,ray
1972,arañazos,0,arañaz
1973,chirriante,0,chirriant
1974,chillido,0,chill
1975,atornillado,0,atornill
1976,escoria,0,escori
1977,espumoso,0,espum
1978,segunda,0,segund
1979,clase,0,clas
1980,nivel,0,nivel
1981,reservado,0,reserv
1982,sedentario,0,sedentari
1983,hirviente,0,hirvient
1984,autogolpe,0,autogolp
1985,autocrítica,0,autocrit
1986,autodestructivo,0,autodestruct
1987,auto-humillación,0,auto-humill
1988,interés,0,interes
1989,propio,0,propi
1990,egoísmo,0,egoism
1991,senil,0,senil
1992,sensacionalista,0,sensacional
1993,gravedad,0,graved
1994,sermonear,0,sermon
1995,servidumbre,0,servidumbr
1996,preparar,0,prepar
1997,reveses,0,reves
1998,vago,0,vag
1999,sombreado,0,sombr
2000,desvergonzado,0,desvergonz
2001,desvergüenza,0,desvergüenz
2002,tiburón,0,tiburon
2003,transexual,0,transexual
2004,brillar,0,brill
2005,camisa,0,camis
2006,naufragio,0,naufragi
2007,eludir,0,elud
2008,gandul,0,gandul
2009,temblar,0,tembl
2010,impactante,0,impact
2011,pacotilla,0,pacotill
2012,efímero,0,efimer
2013,miope,0,miop
2014,musaraña,0,musarañ
2015,estridente,0,estrident
2016,tono,0,ton
2017,agudo,0,agud
2018,sudario,0,sudari
2019,envuelto,0,envuelt
2020,rehuir,0,rehu
2021,apartadero,0,apartader
2022,cerco,0,cerc
2023,simplista,0,simplist
2024,pecado,0,pec
2025,pecaminoso,0,pecamin
2026,lavabo,0,lavab
2027,esqueletos,0,esquelet
2028,escepticismo,0,esceptic
2029,flaco,0,flac
2030,esconderse,0,escond
2031,bofetada,0,bofet
2032,sacrificio,0,sacrifici
2033,esclavo,0,esclav
2034,limo,0,lim
2035,sudar,0,sud
2036,tinta,0,tint
2037,movimiento,0,movimient
2038,ralentizado,0,ralentiz
2039,despacio,0,despaci
2040,babosa,0,babos
2041,desplomado,0,desplom
2042,puta,0,put
2043,tortazo,0,tortaz
2044,bien,0,bien
2045,frotis,0,frotis
2046,oler,0,oler
2047,olido,0,olid
2048,oliendo,0,oliend
2049,huele,0,huel
2050,eperlano,0,eperlan
2051,fumar,0,fum
2052,cortina,0,cortin
2053,llama,0,llam
2054,latente,0,latent
2055,presumido,0,presum
2056,tizón,0,tizon
2057,tiznado,0,tizn
2058,engancharse,0,enganch
2059,trabas,0,trab
2060,furtivo,0,furtiv
2061,burlador,0,burlador
2062,desaire,0,desair
2063,jabonoso,0,jabon
2064,sollozo,0,solloz
2065,sobrio,0,sobri
2066,aleccionador,0,aleccion
2067,solemne,0,solemn
2068,solicitud,0,solicitud
2069,lo,0,lo
2070,siento,0,sient
2071,agrio,0,agri
2072,gastado,0,gast
2073,vomitado,0,vomit
2074,escupir,0,escup
2075,derramar,0,derram
2076,solterona,0,solteron
2077,despecho,0,despech
2078,salpicar,0,salpic
2079,división,0,division
2080,mimar,0,mim
2081,espectro,0,espectr
2082,escalofriantemente,0,escalofri
2083,alimentado,0,aliment
2084,cuchara,0,cuch
2085,esporádico,0,esporad
2086,chisporroteo,0,chisporrote
2087,común,0,comun
2088,riña,0,riñ
2089,malgastar,0,malgast
2090,squash,0,squash
2091,chirrido,0,chirr
2092,chirriador,0,chirriador
2093,puñalada,0,puñal
2094,estancado,0,estanc
2095,serio,0,seri
2096,puesto,0,puest
2097,establos,0,establ
2098,estampida,0,estamp
2099,parada,0,par
2100,sorprendentemente,0,sorprendent
2101,inanición,0,inanicion
2102,hambre,0,hambr
2103,estático,0,estat
2104,robar,0,rob
2105,escarpado,0,escarp
2106,hedor,0,hedor
2107,estereotipo,0,estereotip
2108,estofado,0,estof
2109,sofocar,0,sofoc
2110,asfixiante,0,asfixi
2111,estigma,0,estigm
2112,estigmatizar,0,estigmatiz
2113,picadura,0,picadur
2114,escozor,0,escozor
2115,punzante,0,punzant
2116,tacaño,0,tacañ
2117,apesta,0,apest
2118,secuaz,0,secuaz
2119,títeres,0,titer
2120,Tormentoso,0,torment
2121,presión,0,presion
2122,tirante,0,tirant
2123,desconocido,0,desconoc
2124,estrangular,0,estrangul
2125,estrés,0,estres
2126,destaca,0,destac
2127,estricto,0,estrict
2128,Huelga,0,huelg
2129,riguroso,0,rigur
2130,puntal,0,puntal
2131,testarudez,0,testarudez
2132,atascado,0,atasc
2133,tropezón,0,tropezon
2134,tropezó,0,tropez
2135,tropiezos,0,tropiez
2136,tocón,0,tocon
2137,estupidez,0,estupidez
2138,estupor,0,estupor
2139,tartamudear,0,tartamud
2140,tartamudeó,0,tartamude
2141,orzuelo,0,orzuel
2142,bloqueado,0,bloqu
2143,sometido,0,somet
2144,sujeción,0,sujecion
2145,subyugar,0,subyug
2146,sumiso,0,sumis
2147,subordinar,0,subordin
2148,citación,0,citacion
2149,sustraer,0,sustr
2150,subversión,0,subversion
2151,subversivo,0,subvers
2152,subvertir,0,subvert
2153,sucumbir,0,sucumb
2154,chupar,0,chup
2155,ventosa,0,ventos
2156,demandar,0,demand
2157,sufrir,0,sufr
2158,sufrimiento,0,sufrimient
2159,endulzar,0,endulz
2160,recubierto,0,recubiert
2161,azúcar,0,azuc
2162,suicida,0,suic
2163,suicidio,0,suicidi
2164,mohíno,0,mohin
2165,hosco,0,hosc
2166,superfluo,0,superflu
2167,superstición,0,supersticion
2168,supersticioso,0,superstici
2169,supresión,0,supresion
2170,Rendición,0,rendicion
2171,susceptible,0,suscept
2172,suspicaz,0,suspicaz
2173,pavonearse,0,pavon
2174,sudoroso,0,sudor
2175,hinchazón,0,hinchazon
2176,síntoma,0,sintom
2177,síndrome,0,sindrom
2178,tabú,0,tabu
2179,manosear,0,manos
2180,tanque,0,tanqu
2181,berrinche,0,berrinch
2182,deslustre,0,deslustr
2183,empañado,0,empañ
2184,desfloración,0,desflor
2185,andrajoso,0,andraj
2186,pulla,0,pull
2187,cursi,0,cursi
2188,tedioso,0,tedios
2189,tediosamente,0,tedi
2190,templar,0,templ
2191,tempestad,0,tempest
2192,tentación,0,tentacion
2193,sensibilidad,0,sensibil
2194,tensión,0,tension
2195,tentativo,0,tentat
2196,tenue,0,tenu
2197,tenuemente,0,tenuement
2198,terror,0,terror
2199,terror-genico,0,terror-gen
2200,aterrorizar,0,aterroriz
2201,sed,0,sed
2202,irreflexivamente,0,irreflex
2203,irreflexión,0,irreflexion
2204,piernas,0,piern
2205,grupo,0,grup
2206,tres,0,tres
2207,palpitar,0,palpit
2208,acelerador,0,aceler
2209,pulgar,0,pulg
2210,pulgares,0,pulgar
2211,encogidamente,0,encogid
2212,minúsculo,0,minuscul
2213,hormigueo,0,hormigue
2214,Peaje,0,peaj
2215,arriba,0,arrib
2216,atormentado,0,atorment
2217,torrente,0,torrent
2218,tortura,0,tortur
2219,totalitario,0,totalitari
2220,tenacidad,0,tenac
2221,revendedor,0,revendedor
2222,revendido,0,revend
2223,tóxico,0,toxic
2224,tragedia,0,tragedi
2225,trágico,0,tragic
2226,traicionero,0,traicioner
2227,vagabundo,0,vagabund
2228,pisotear,0,pisot
2229,transgredir,0,transgred
2230,transgresión,0,transgresion
2231,calidad,0,calid
2232,trauma,0,traum
2233,traumático,0,traumat
2234,traumatizar,0,traumatiz
2235,bureado,0,bur
2236,astucia,0,astuci
2237,trivial,0,trivial
2238,trivializar,0,trivializ
2239,tumultuoso,0,tumultu
2240,turbulento,0,turbulent
2241,giro,0,gir
2242,dos,0,dos
2243,tiránico,0,tiran
2244,feo,0,feo
2245,fealdad,0,feald
2246,ulterior,0,ulterior
2247,ultimátum,0,ultimatum
2248,ultra,0,ultra
2249,visible,0,visibl
2250,inaceptable,0,inacept
2251,inaccesible,0,inacces
2252,acostumbrado,0,acostumbr
2253,inalcanzable,0,inalcanz
2254,inasequible,0,inasequ
2255,atractivo,0,atract
2256,auténtico,0,autent
2257,indisponible,0,indispon
2258,inaguantable,0,inaguant
2259,incierto,0,inciert
2260,incivilizado,0,inciviliz
2261,claro,0,clar
2262,incobrable,0,incobr
2263,competitivo,0,competit
2264,inconformado,0,inconform
2265,inconstitucional,0,inconstitucional
2266,control,0,control
2267,convincente,0,convincent
2268,tosco,0,tosc
2269,creativo,0,creativ
2270,indefinido,0,indefin
2271,confianza,0,confianz
2272,confiable,0,confiabl
2273,vender,0,vend
2274,menor,0,menor
2275,precio,0,preci
2276,socavando,0,socav
2277,desvalido,0,desval
2278,subestimar,0,subestim
2279,poder,0,pod
2280,sietemesino,0,sietemesin
2281,indeseable,0,indes
2282,disolver,0,disolv
2283,indocumentado,0,indocument
2284,indebido,0,indeb
2285,antieconómico,0,antieconom
2286,desigual,0,desigual
2287,ético,0,etic
2288,acontecimientos,0,acontec
2289,notables,0,notabl
2290,inesperado,0,inesper
2291,desfavorable,0,desfavor
2292,inconcluso,0,inconclus
2293,impropio,0,impropi
2294,imprevisto,0,imprevist
2295,fondos,0,fond
2296,ingobernable,0,ingobern
2297,desagradecido,0,desagradec
2298,infelizmente,0,infeliz
2299,infelicidad,0,infel
2300,insalubre,0,insalubr
2301,imaginable,0,imagin
2302,inimaginablemente,0,inimagin
2303,importancia,0,import
2304,seguro,0,segur
2305,ininteligible,0,inintelig
2306,unipolar,0,unipol
2307,injustificable,0,injustific
2308,cruelmente,0,cruelment
2309,desatraillar,0,desatraill
2310,impasible,0,impas
2311,antinatural,0,antinatural
2312,desapercibido,0,desapercib
2313,heterodoxo,0,heterodox
2314,heterodoxia,0,heterodoxi
2315,impopular,0,impopul
2316,impredecible,0,impredec
2317,desprevenido,0,despreven
2318,improductivo,0,improduct
2319,probado,0,prob
2320,desaprueba,0,desaprueb
2321,cualificado,0,cualific
2322,desenmarañar,0,desenmarañ
2323,desenredado,0,desenred
2324,ilegible,0,ileg
2325,realista,0,realist
2326,irrazonable,0,irrazon
2327,fiabilidad,0,fiabil
2328,fidedigno,0,fidedign
2329,revoltoso,0,revolt
2330,capacitado,0,capacit
2331,sofisticado,0,sofistic
2332,indecible,0,indec
2333,especificar,0,especific
2334,éxito,0,exit
2335,admitido,0,admit
2336,insolidario,0,insolidari
2337,nada,0,nad
2338,insostenible,0,insosten
2339,impensable,0,impens
2340,prematuro,0,prematur
2341,intacto,0,intact
2342,inutilizable,0,inutiliz
2343,extraordinariamente,0,extraordinari
2344,deseado,0,des
2345,ver,0,ver
2346,indispuesto,0,indispuest
2347,renuencia,0,renuenci
2348,impracticable,0,impractic
2349,convulsión,0,convulsion
2350,levantamiento,0,levant
2351,desarraigar,0,desarraig
2352,urgente,0,urgent
2353,usurpar,0,usurp
2354,absolutamente,0,absolut
2355,vaguedad,0,vagued
2356,vano,0,van
2357,vanidad,0,vanid
2358,vehemente,0,vehement
2359,respiradero,0,respirader
2360,vestigios,0,vestigi
2361,vejar,0,vej
2362,vejación,0,vejacion
2363,vibrar,0,vibr
2364,vibrante,0,vibrant
2365,vicio,0,vici
2366,vicioso,0,vicios
2367,victimizar,0,victimiz
2368,vileza,0,vilez
2369,villano,0,villan
2370,vilmente,0,vilment
2371,velloso,0,vellos
2372,espíritu,0,espiritu
2373,violador,0,violador
2374,violento,0,violent
2375,víbora,0,vibor
2376,virulencia,0,virulent
2377,virus,0,virus
2378,vociferante,0,vocifer
2379,volátil,0,volatil
2380,vulnerable,0,vulner
2381,estrafalario,0,estrafalari
2382,revolcarse,0,revolc
2383,menguante,0,menguant
2384,cautela,0,cautel
2385,prevenido,0,preven
2386,advertencia,0,advertent
2387,residuos,0,residu
2388,despilfarro,0,despilfarr
2389,diluir,0,dilu
2390,cansancio,0,cansanci
2391,cuña,0,cuñ
2392,hierba,0,hierb
2393,engatusar,0,engatus
2394,gimoteo,0,gimote
2395,látigos,0,latig
2396,malvado,0,malv
2397,debilucho,0,debiluch
2398,tambaleó,0,tambale
2399,mujeriego,0,mujerieg
2400,peor,0,peor
2401,empeorar,0,empeor
2402,valor,0,valor
2403,reñir,0,reñ
2404,desdichado,0,desdich
2405,frotar,0,frot
2406,forjado,0,forj
2407,bostezo,0,bostez
2408,zombi,0,zombi
