,Estrellas,Reseñas
0,5,"En el vuelo EJU4462 de Dubrovnik a Lyon…En el vuelo EJU4462 de Dubrovnik a Lyon de fecha 09/07/2023 me atendió un auxiliar de vuelo llamado Yeremi, súper amable, me ayudó con las maletas y gracias a él no perdí el vuelo de conexión a Madrid. Espero que la compañía llegue a leer esto."
1,1,"easyJet nefasta13 de junio, aeropuerto de Lyon, destino Londres Gatwick, retraso de 6 horas, pues bien cuando llego a España el día 20 de junio intento presentar reclamación por retraso y las dos veces que la presento me contestan que no aparece mi reserva. Pienso que es una traba para no dar la indemnización. Sinvergüenzas, no volveré a volar con easyJet por ser la peor compañía que existe. Ojalá desaparezcan del panorama de la aviación. No se puede consentir que se rían de los viajeros. Lo dicho, SINVERGÜENZAS"
2,1,"Nos han dado unos asientos sin limpiarNos han dado unos asientos sin limpiar. Me dicen que no tienen limpiadores. Llevamos una hora localizando una avería, nos acaban de decir que tardan una hora más en arreglarla. Nada de poner otro avión. Nos han dado medio vaso de agua."
3,1,"La Ryanair naranja con trato penoso a…La Ryanair naranja con trato penoso a sus clientes en el aeropuerto de Basel, te cancelan el vuelo y palabras textuales de sus empleados : EasyJet es low cost búscate la vida …Ni en Ryanair hablan así a sus clientes ."
4,1,"El peor viaje de mi vida..El peor viaje de mi vida... Nunja mas,tres vuelos y los tres con mucho retraso,servicio orible.,.tres horas cerrados en el avion sin comidas ni bebidas y sin volar.... Es una compañia asquerosa"
5,1,"Impotència23 junio 2023 vueloU2 7105 BCN/ Ginebra con Easyjet preparadas mi hija y yo para un fin de semana. Todo bien ningun problema con mi equipaje( mi maleta de cabina y rigida).25 junio 2023 vuelo U2 1375 Ginebra/BCN con Easyjet, a punto de embarque ponen mi maleta en un ""medidor"" y por milimetros no cabe,no puedo ""aplastarla"" porque es rigida.....confio la pondrán en bodega ( en otros vuelos de bajo coste lo hacen sin cargo por falta de espacio) pero ponen una etiqueta y me piden 72 francos suizos( aprox 73 euros) digo que no que vacio maleta pero AMENAZAN con llamar a la policia si lo hago y una persona de la compañia tambien amenaza que si no pagamos en un minuto el avión se va.Pagué.... ràbia.... impotència...però lo que más me dolió és la humiliación delante de los demàs pasajeros como si fuera una delincuente. Creo que aunque sea de bajo coste el servicio tiene que ser igual de ""bueno"" .... espero que mi experiencia ayude a ser un poco mas listos que ellos para futuras escapadas."
6,1,"Horrible ExperienciaHorrible Experiencia con la compañía, la política de equipaje es una estafa, casi te cuesta más que el vuelo por no hablar de los constantes retrasos de los vuelos que no cumplen con la previsión."
7,1,Una basura de aerolíneaUna basura de aerolínea! Me dejaron varado en Nice a media noche cuando necesitaba volar a Paris para tomar mi vuelo a CDMX. Tuve que mejor pagar un vuelo ultra caro en AriFrance para poder regresar 6:00 am y eso si durmiendo en el aeropuerto porque ni hospedaje ni alimentos nos dieron y todavía los perros cínicos nos querían mandar al otro día a las 14:30 pm :S Gracias mamones pero casi pierdo mi vuelo de Paris a CDMX! Ahora esto demandando por Airhelp donde espero sacar una compensación más que justa.
8,1,"LA PEOR AEROLÍNEADe los peor en aerolineas, ayer en el aeropuerto de Lyon en pantalla nos pone que el vuelo va con retraso, teníamos que coger otro vuelo en Luton para llegar a Kerry, llegamos al embarque sabiendo que era casi imposible coger ya el otro vuelo y ohhhh sorpresa las maletas no caben por un centímetro, 220€ de maletas o no vuelas, lo único bueno el personal del avión, nos confirmaron la puerta de embarque del otro vuelo y nos dejaron ponernos en la puerta sin haber parado el avión para salir corriendo, cogimos el otro vuelo por dos minutos, experiencia horrible, prefiero pagar más dinero a volar otra vez con ellos"
9,1,La peor experiencia de atencion de mi vidauelo madrid lisboa fue cancelado. Hasta ahí entendible. Estas cosas pasan. A traves de la web solicité un nuevo vuelo. Me dieron la opcion de un vuelo de air europa al dia siguiente. La acepté y recibi un mail diciendo qie recibiria confirmacion en 90 min. Ese mail no llegó. Cuando llamé al telefono de atencion (dificil de encontrar por cierto). Me dieron por telefono un numero de reserva de air europa. Pedi que me lo mandaran por mail y me dijeron que no era posible. Llame a air europa y me dicen que la reserva existe pero wue no fue pagada. Llamo a easyjet y me dice que ya no es su problema. Decido ir al aeropuerto de madrid y NO tienen mostrador. Nadie con quien hablar y yo tirado. Tuve que pagar yo 300 euros del billete de Air europa porqie eqñasyjet no pagó ni daba alternativa. Reclamaré a la compañia pero dado este nivel de trato dudo que paguen nada. Reclamaré tambien a la UE  y a proteccion al consumidor. Nunca me he sentido tan impotente.
10,1,2 horas esperando mi vuelo2 horas esperando mi vuelo Me parece de mal gusto!
11,1,"Mucho retraso en todos los vuelosLa experiencia ha sido mala por los retrasos que tienen tanto para ida como para vuelta dos horas y media , eso hace que si tienes que coger más trnasportes te fastidia, más de dos y media de espera ambos casos que casi nos hacen perder el tren y con eso te quedas porque la compañía se lava las manos , hoy también retrasos de nuevo , no puedes fiaste de las horas porque nunca las cumplen"
12,1,"La peor compañia con diferenciaLa peor compañia con diferencia, no volveré a volar con ellos jamás. No puedes llevar más que un bolso pequeño, sino pagas 50 euros. Es un robo total... Estafadores, os voy a denunciar. Además es... O pagas o no vuelvas, o sea que es un robo a mano armada. Además si no cumple por 1cm les da igual. Son sus reglas pero han perdido varios pasajeros para todo el resto de sus vidas. Espero que los 50 pavos les compensen. Otro netflix"
13,1,"Dos vuelos canceladosEl trato que te dan en esta compañía es nefasta. Dos vuelos cancelados ( de momento, porque puede haber más) y la contestación que te dan es textualmente: Si ya te han cancelado dos vuelos deberías saber que hacer. Perdona? Que clase de contestación es esa hacia un cliente? Es vergonzoso."
14,1,"VUELO CANCELADO…Vuelo cancelado,no te dan solución alguna pues no hay personal de la compañía en el aeropuerto,no tienen ni hojas de reclamaciones,aunque yo las he puesto igualmente ,VERGONZOSA GESTION DE LA COMPAÑÍA,te dejan tirados y punto,no volveré a volar con ellos."
15,1,"Pésimo “servicio”Pésima atención, esta compañía no se hace cargo de nada y ponen excusas de supuestas huelgas para cancelar vuelos que no les conviene hacer. Nos cancelaron dos vuelos seguidos y nos mintieron en la cara diciendo que podíamos acceder a ciertas devoluciones cuando ni siquiera figuran en los términos que ellos mismos nos entregaron.No le pongo estrellas negativas porque no se puede."
16,1,"Tienes derecho a la devolución de las…Tienes derecho a la devolución de las tasas estatales en caso de necesidad de cancelar un vuelo. En la práctica easyjet hace que sea imposible reclamar en su página web, no te dan la opción de contactar ni reclamar nada. Te marean con promesas que te hacen perder mucho tiempo y generar frustración, me han decepcionado mucho. Se quedan con todo tu dinero si tienes que cancelar, no te devuelven absolutamente nada. No perdáis más el tiempo con ellos."
17,1,"Vuelo retrasadoHolàTenía un vuelo de Niza a Barcelona que debía salir a las 12:45. Para empezar en el aeropuerto no hay personal de la compañía ni nadie que nos oriente, segundo por medio de la aplicación me informan que nuestro bueno tiene 6 horas de retraso, nadie nos viene a avisar que esta pasando. Pésimo servicio !Como nos dejan con 6horas de retraso ?? somos muchos a tener una conexión y’a sea con tren o bus llegando al destino. Se va a exigir una compensación por tal retraso."
18,5,"Sin problemas,muy bien vuelo BCN-BSLMi experiencia con nuestro vuelo ida y vuelta Barcelona /Basilea con Easyjet durante este puente de diciembre ha sido muy buena,no tengo queja alguna.Iba bastante asustada por todas las opiniones negativas que he estado leyendo,era mi primera vez con Easy jet... pero por mi parte he de decir que tanto la gestión de compra en su web,un cambio de fechas del vuelo y posteriormente añadí tambien una maleta para subir a cabina,todo fàcil y sin problemas,al igual que la facturación online.Medí muy bien las maletas de cabina para no pasarme ni un centimetro visto las malas experiencias previas de otros usuarios però la verdad es que no han ido a medírmelas ni he visto que lo hicieran con los otros viajeros del vuelo en el momento del embarque.Muy puntuales y el personal atento y en general muy amable.Vuelo low cost,por tanto con las incomodidades propias de espacio entre asientos,etc...como en otras compañías de ese tipo...però esto ya sabes lo que hay...No tiene relación con easyjet,però  sí encontré personal muy borde  en la seguridad del aeropuerto de Basilea,nosotros en concreto una mujer que  nos trató con muy malos modales ,abriendo y sacando nuestro equipaje de forma muy brusca,incluso los botecitos de jabón,champús,etc del neceser transparente,mirándolos uno a uno!!y despotricando encima...muy desagradable y sin motivo pues seguíamos las  normas...y claro muy lentos ..creí que perderíamos el avión mientras esperábamos en la cola de seguridad!!"
19,1,"Te cobran equipaje de mano dos veces.Me han cobrado el equipaje de mano, dos veces. Una al comprar el vuelo, y otra al hacer el check in. Me dicen por teléfono, que al cambiar asiento, pierdo el equipaje. Como es posible? En un mismo vuelo, me cambio de asiento porque me lo ofrecen, pone claro cristalino a coste 0€, pero no te avisan en ningún lado que pierdes el equipaje de mano pagado anteriormente. Y ahora? A pagar otra vez, por dos, vuelo de ida y de vuelta. Estafa de manual. Mi último viaje con vosotros."
20,1,"Limpieza lamentableMe ha parecido verdaderamente lamentable que al subirnos al avión, que acababa de llegar de otro vuelo estuviera asqueroso literalmente. Asientos bloqueados, con restos de comida, botellas y latas encima, con los cinturones puestos.  Los pasillos llenos de suciedad y manchas. Vamos, que ni se molestaron en aspirar o recoger la basura entre un vuelo y el otro. Según se bajaron unos pasajeros de llegada, subieron a los pasajeros que se iban.No hay derecho que hagan esto. Me dio mucho asco."
21,1,"HorripilantePésimo, teníamos una semana cultural que íbamos 42 personas con el colegio y a última hora facturando las maletas nos dijeron que cancelaron el vuelo, y cuándo todos nos marchamos del aeropuerto el avión voló sin nadie."
22,1,PesimoMi experiencia fue de lo peor me hicieron facturar una carrie on dos veces y me trataron muy mal por decir que ya estaba facturada sin ninguntipo de explicacion tuve q pagar sino perdia el vuelo nunca mas elijo esta compañia
23,1,"Un desastre de compañíaUn desastre de compañía. A pesar de haber contratado equipaje de mano, la tripulación permite guardar mochilas y todo tipo de objetos donde debería ir el equipaje de mano,  asi que hay que buscarse la vida para dejar la maleta."
24,1,"Mala aerolíneaMala aerolínea, por no decir patética,me anularon el vuelo a lyon no dieron explicaciones y para reclamar, imposible"
25,1,"Mal comportamiento de la azafataEspantoso. La azafata me dio un golpe salvaje en la cabeza estando yo sentada. Encima se hace la simpática ofreciendo un botellin de agua gratis. Parece que si se pone una reclamación ya no permiten el uso de la compañía y hay que morderse la lengua. Si sí, mucho derecho del consumidor pero al final... solo se debe ir con easyjet por el precio si se va sin maleta. Con equipaje hay que volverlo a pensar. Además con retraso"
26,1,"Le pongo una estrella porque no puedo…Le pongo una estrella porque no puedo poner menos, horrible gestión cancelaciones únicamente de sus vuelos cuando todos los demás salen, no te dan motivo de la cancelación y te remiten a un número inglés para darte alternativas, encima la opción que te dan es reubicarte en un vuelo 3 días más tarde, que el resto de opciones te las gestiones tú y ya verán si te devuelven algo. A parte de inútiles y no dar explicaciones se ríen de los pasajeros."
27,1,"Una falta de profesionalidad y empatía lamentablesEasyjet se aprovecha de la indefension a la que someten a sus clientes para ganar dinero. Además, sus empleados en Lisboa carecen de toda ética y profesionalidad esperadas en profesionales de atención al público"
28,5,"17 de marzo de 202217 de marzo de 2022Vuelo: Málaga BaselExcelente atención durante todo el vuelo de parte de Laurenc, Cindya, Steve y muy especialmente Fabien ( CabinManager). Merecen un especial reconocimiento. GraciasGraciela Paolillo"
29,1,Abuso en control de equipajeEstricto control de equipaje. La maleta entraba a mitad del molde metálico que además estaba roto y aún así me cobraron un exceso de £40. Es inaceptable. Creo que fue mi ultimo vuelo con ellos.
30,5,"Excelente compañiaExcelente compañia, estoy muy contento , reserve muchos vuelos con diferentes compañias y la única me me ha reembolsado rápido ha sido easy jet , porque todos mis vuelos fueron cancelados por coronavirus,  recomiendo esta compañia pues da seguridad de reembolsar tu dinero  por cancelación"
31,3,Finalmente easyJet ha cumplido…Finalmente easyJet ha cumplido con su compromiso y nos ha devuelto los gastos derivados de la cancelación de su vuelo. Ha costado pero ha llegado. Gracias easyJet.
32,1,Lo barato sale caroLo que dicen que ahorra el vuelo lo cobran en el equipaje y la peor atención de los funcionarios de embarque
33,4,"Buena compensaciónEl pasado 24 de diciembre volamos a Paris desde Bilbao. Salimos con 3 horas de retraso por un problema de la compañía y tras ser informados por ellos de que si el vuelo llegaba con mas de 3 horas de retraso nos compensarían con 250 euros por pasajero, así fue. A nuestro regreso reclamé en la dirección que ellos me facilitaron y al dia siguiente tenia en mi cuenta 750 euros ingresados. Los billetes me habían costado 15 euros por persona. Se portaron muy bien."
34,4,"No dejen que el puerto de entrada en Bordeaux les malogre la imagenHice el tramo Lisboa-Bordeaux. En la terminal de Bordeaux nos hicieron caminar bajo un sol que quemaba, jalando las maletas. Luego nos hicieron entrar a una especie de galpón de pollos para migración. No tenía aire acondicionado y solo habían dos sujetos que atendían migraciones. Fue horrible, nos demoramos una eternidad y nos deshidratamos con tanto calor."
35,1,Definitivamente debí leer antes de…Definitivamente debí leer antes de comprar compre 4 vuelos y por una huelga en una de las salidas perdí todos los vuelos nunca pude comunicarme fatal empresas como estas dan vergüenza
36,4,"En agosto del año 2018 teníamos…En agosto del año 2018 teníamos comprado un vuelo de Venecia a Burdeos que cancelaron a última hora, la verdad es que fue un incordio cuando anunciaron por megafonía que habían cancelado el vuelo y q nos atenderían uno por uno en un mostrador habilitado para ello...nosotros éramos 6 personas, después de una larga espera y muchos nervios, nos dieron tres días más de estancia pagados a pensión completa, vuelo de vuelta y compensación de 250 euros por persona.Todo PERFECTO"
37,5,Buenas tardes.Buenas tardes.. Necesito un acompañante para un menor de 13 años.. En  el vuelo Bilbao Ginebra este 17 de abril.. Si alguien pudiera ayudarme se lo agradecería mucho.. Mov. 637207743
38,3,"Mi viaje con east jet sin azafat@s de mi idiomaMi viaje con east jet fue de Málaga-Londres y de Londres-Málaga. Fue bastante cómodo pero lo que no me gustó es que ni en el viaje de ida ni en el de vuelta, no hubiese ningún azafat@ español. Si alguien tiene algún problema o quiere pedir algún tipo de información, y por mil razones no sabe bien inglés, no lo puede hacer porque la compañía no ofrece esa facilidad."
39,4,"Siempre que he ido por placer a …Siempre que he ido por placer a Inglaterra contrate los servicios de esta compañía. Son muy baratos y sabes lo que te espera en cuanto a equipaje y a espacio en el avión. Como siempre, contra los retrasos no puedes hacer nada."
40,5,"llevo 10 años haciendo el vuelo…llevo 10 años haciendo el vuelo Madrid-Basilea un par de veces al año y siempre de 10.  habremos tenido retraso una o dos veces, pero lo habitual es que lleguemos con minutos de antelación. tienen un sistema automático de asignación de asientos que no parten a la familia (con sentido común, porque como coloquen a mis cuatro niños desperdigados por el avión... se arriesgan a cerrar la línea, jajaja). eso sí, siempre facturo el primer día que se puede. y el personal de tierra y de cabina, siempre nos trata bien con más o menos simpatía, pero siempre correcto. además salimos de la T1, por lo1 que el paseito por la T4 lo dejamos para otros. gracias por existir"
41,4,Barato y ConvenienteVuelo habitualmente con easy jet desde Oviedo a Londres desde hace tres anos y nunca he tenido ningun problema con ellos. El precio es muy asequible y siempre he recibido un trato excelente.
42,1,Unos ladrones.Unos ladrones.Que devuelvan el dinero de la gente por los vuelos anulados.Para cobrar se cobra en seguida para devolver nunca!
43,3,Hola me gustaría saber si el único…Hola me gustaría saber si el único documento COVID que debo aportar es el certificado de vacunación COVID de la UE
44,1,"Incumplimiento de medidas de seguridad COVIDSubí a un vuelo de easyJet hace poco y ni tripulación ni pasajeros llevaban mascarilla. La legislación española sigue indicando el uso obligatorio de mascarilla en transportes y el incumplimiento de easyJet fue deliberado y flagrante. Entiendo que sea complicado obligar a todos los pasajeros que se resisten a ponérsela, pero en este caso la compañía no hizo ninguna indicación de la obligatoriedad de llevarla en el vuelo."
45,1,"No lo recomiendoNada como pegarme 22 horas de viaje por carretera porque a las muy amables empleadas de esta compañía decidieron no dejarme volver al país en el que resido (que por cierto también está en Europa) por tener el DNI caducado desde hacía dos días. Y eso a pesar de tener documentos justificando mi residencia en dicho país. Puntos extra por la actitud condescendiente y maleducada de estas dos señoras que nos hablaron cómo el c*lo.Un viaje inolvidable, y también el último con esta gente."
46,1,"La avaricia de easyJetAbsolutamente absurdo, vergonzoso y dice mucho del grado de usura y cutrez de una compañía que por no entrar una de las ruedas en la caja para medirlas en el sector de embarque me han hecho pagar 36 francos.El cm aprox que excedía no impedía que lo pudiera situar debajo de mi asiento sin molestar al pasaje, máxime cuando había espacio en los compartimentos superiores.Ese mismo grado de inflexibilidad le parecería justo a la compañía cuando embarquemos 1 minuto más tarde, o cuando nos obligan a meter el equipaje de mano en bodega y lo hacemos sin rechistar."
47,1,"Pésima aerolíneaSi pudiera poner un cero Lo pondría, la atención en el aeropuerto de milano Malpensa es pésima, sobre todo de las azafatas que te controlan los documentos, son unas mál educadas. Tratan muy mal a sus clientes, la aerolínea es una porquería. Cancelaron mi vuelo a ultimo momento sin ninguna explicación y nadie se hizo cargo además de tener que recibir maltratos de esas inútiles que tienen trabajando. Peor aerolínea del mundo? Easy jet"
48,1,Le diera cero me quería dejar en…Le diera cero me quería dejar en Portugal cuando vivo en España tengo residencia comunitaria y quería el pasaporte cuando en realidad para viajar dentro de la comunidad Europea no hace falta
49,1,"Lamentable y nula atención ante los problemas14 personas afectadas por un vuelo de easyjet que no aterriza en destino (cuando el resto de vuelos sí aterrizaban y despegaban). Nos hace perder otro vuelo también de easyjet. Reclamamos compensación y gastos de los dos vuelos y cuál es la respuesta? reclamación rechazada porque hacía mal tiempo. Pero si el resto de vuelos despegaban y aterrizaban!! tuvimos que comprar OTRO vuelo de easyjet para llegar a nuestro destino. Compramos TRES vuelos con easyJet y no se responsabilizan de NADA!La respuesta a nuestra reclamación no deja lugar a réplica porque la atención al cliente es nefasta. Sólo puedes tener contacto por formularios y cuando te responden no puedes responder tú. Y yo me quejaba de Ryanair?? easyJet ha demostrado ser la peor de las compañías lowcost con las que he viajado. Lamentable atención, lamentable actuación y cutres hasta la saciedad cuando ellos son los responsables de dejarnos tirados en un aeropuerto, perder vuelos, tener que buscarnos por nosotros mismos opciones alternativas (os imagináis lo que es buscar hotel, sitios para comer y cenar un 1 de enero, soluciones para llegar a destino, avisar a nuestra agencia de alquiler de 4 coches y los alojamientos en destino para 14 personas??).easyJet, antes de que me lo preguntéis, revisad de nuevo nuestras reclamaciones 106993761, 106991233, 106991272, 106991277, 106991173. Tenéis mi correo electrónico, mi teléfono y los millones de datos que pedís de cada reserva y cada pasajero."
50,1,Una estafa y una vergüenza se dedican…Una estafa y una vergüenza se dedican en vez de a embarcar a cobrar sistemáticamente a cualquiera que lleva equipaje de mano y no pago lo que ellos llaman speed boarding. Vamos un engaño por el que están facturando el doble. Parece un cajero en vez de un embarque casi el 40% en mi vuelo pagando… y lo peor que no cobran a todos por igual solo a quien consideran. Mucho peor que ryan air en sus peores tiempos.
51,1,"He cogido más de 10 vuelos con ellosHe cogido más de 10 vuelos con ellos,  y prácticamente en 7 de 10 han salido (y llegado) tarde, lo suficiente para no indemnizarteAdemás,  si quieres llevar maleta de cabina tienes que pagar 20 euros adicionales. Mejor iberia, air europa, ryanair.."
52,1,Úna estrella porque no le puedo dar 0…Úna estrella porque no le puedo dar 0 son unos ladrones que se equivoca el móvil en tu reserva y te cobran 60€ valiendo más el cambio que el mismo vuelo por un error del móvil que vergüenza nunca mas compraré ahí y recomiendo no comprar la atención fatal por todo quieren sacarte dinero que robo
53,1,"Muy mala atención en aeropuerto de…Muy mala atención en aeropuerto de Corcega Ajaccio en la puerta de embarque Pedí 3 veces por favor que me expliquen en otro idioma ya que no hablo francés (italiano, español o ingles) y nada no hubo forma La azafata solo me habló en francés super rápidoNo entiendo siendo una compañía con todo el personal tan joven que no me supiera hablar en inglés( quizá no le dio la gana)"
54,1,La peor compañía te pierden maletas…La peor compañía te pierden maletas después hay que rastrearla en forma personal y si se ubica buscarla personalmente en el aeropuertoEl personal de Ibiza en tierra es un desastre y después no reintegran los gastos traten de evitar viajar por easy jet
55,1,"Easyjet no reembolsa vuelos canceladosEasyjet nos cancela el vuelo para Edinburgo al último momento, obligándonos a buscar alternativas de viaje (dinero de nuestro bolsiglio), con todas las molestias que eso comporta, tras la promesa de que reclamando nos devolvería el importe total ya que la cancelación no había sido por nuestra culpa.Y ahora nos quiere devolver el dinero de la ida PERO NO EL DE LA VUELTA, por algún misterioso motivo que ni ellos saben explicar.En el número de teléfono de easyjet España te atiende siempre y sólo el mismo operador que no tiene ni idea de cómo ayudarte a resolver el problema, NI siquiera FACILITARTE UN CORREO ELECTRÓNICO para poder escribirles a los responsables/gestores de la empresa en cuestión y poderles explicar lo que nos ha ocurrido. NADA, NO HAY MANERA  : (Así que  ¡cuidado con estos sinverguenzas!"
56,1,"Bochornoso el servicio de easyjet en…Bochornoso el servicio de easyjet en paris  ,una maleta de cabina con la que llevo años viajando aqui resulta que no es de cabina y hay que facturarla, posteriormente veo a gente con el mismo tamaño de maleta o mas grande en el avión, el trato del personal es bochornoso ya que como no hablas su idioma no se preocupan por entenderte o ayudarte y te tienes que buscar la vida tu solo, primera y última vez"
57,1,"Verguenza de compañíaNos han cancelado el vuelo con menos de 24h de antelación. Nunca más volveremos a volar con vosotros. Hemos perdido 500€ en hoteles en Oporto. Aparentemente, cada verano es lo mismo. No contratan a suficiente personal y los pobres se declaran en huelga. Sois unos negreros. Habéis perdido mi confianza."
58,1,"Lamentable .Lamentable .. ya en el aeropuerto a 1h del vuelo nos lo cancelan, perdiendo el dinero de los vuelos, hotel, entradas de los eventos del día siguiente, taxis etc.. sin duda alguna jamás volveré a coger vuelos con esta compañía. Resolución ante los problemas nula. Si están en duda compren un vuelo aún que les salga por el doble les aseguro que ahorrarán más que comprando con esta compañía."
59,1,"Política low cost absurdaPolítica low cost absurda, por 1cm te cobran la maleta 30 euros con coste de billete que no son especialmente bajos. Lo barato termina siendo caro. Última vez que elegimos Easyjet para viajar."
60,1,"Tuve la desgracia de volar con Easyjet…Tuve la desgracia de volar con Easyjet a Londres, el pasado día 29 y vuelta el 30 de Abril. A la vuelta, en el aeropuerto de Gatwick, mientras intentábamos facturar la maleta, y en vista de que las cintas automáticas no funcionaban bien, y no había nadie que nos ayudara, probamos y probamos en diferentes cintas hasta que vino una persona de Easyjet y nos dijo que ya no volábamos porque cerraban el acceso. Y nos quedamos en tierra. Indignante"
61,1,"Una auténtica estafaUna auténtica estafa. Viajas con maleta de cabina y cuando llegas al embarque te hacen pagar 29€ porque al contabilizar las ruedas y el asa, sobrepasa en 3 cms las dimensiones. Es decir, ninguna maleta que compras de cabina se ajusta a las exigencias de esta compañía porque lo lógico es que las medidas sean del espacio útil de la maleta. Vamos, que si quieres volar, a pagar.Eso si, el retraso de una hora, en recoger equipaje, ausencia de comida a bordo etc….no cuenta. Tienes que tolerarlo. Vergonzoso."
62,1,De vergüenza el trato recibido ahora a…De vergüenza el trato recibido ahora a mi hija en un vuelo de easy jet Sevilla a gatwick...el encargado hasta la amenazó con bajarles las maletas ya facturadas...embarazada de 7 meses y con un bebé...su billete cumplía la misma norma que de salida de Gatwick...
63,1,"Vuelo cancelado a último minutoA las 23.00 entro en el sito easy jet para hacer dl chek-in y descubro que el vuelo ha sido cancelado, tenía que viajar a París y de ahí coger un vuelo intercontinental.  En plena desesperación encontré  un vuelo que salía a las 6.00a.m y lo compré  (gastando 340 €  ).  Easy Jet se disculpa por las molestias y dice que me reembolsa el costo del billete easy jet pagado 80€.   Seguramente habrìa pagado menos si hubiera comprado hace 25 dias un vuelo con una compañia seria.  Por ahorrarme 50 euros paguè un billete de último momento a 340 por urgencia y necesidad.   Nunca màs con Easy jet"
64,1,"Compañia suiza de ladronesCompañia suiza, nos cobraron un sobre coste por el equipaje que ya habiamos contratado de 140 francos, teniamos preferencia de embarque, el personal de tierra del aeropuerto de Ginebra se empeño en los QR hasta que nos cerraron las puertas de embarque y perdimos el vuelo, esto fue el 3 de septiembre estoy intentendo recuperar al menos los 140 euros mision imposible, a eso se llama robar..."
65,1,"Segundo vuelo perdido en un año ,debido…Segundo vuelo perdido en un año ,debido a la pésima comunicación en su página web en cuanto a los requisitos para viajar por covid.Nunca volveré a viajar con la compañía y pienso recomendar lo mismo a todos mis contactos .El vuelo era de Manchester a Amsterdam y el anterior de Amsterdam a Mallorca.Una verguenza y en lugar de ayudar se quedan tan a gusto mirándote como tienes que buscarte la vida en esa situación."
66,1,"Inhumano el tratoHemos intentado hacer el qr para volver a España (muy complicado de hacer). En el aeropuerto casi no había conexión y nos han dejado entierra. Ni amago de ayudarnos ni de darnos otra opción. Entre los que nos hemos quedado había una mujer mayor. Noche de hotel + otro vuelo a pagar.Inhumanos y desalmados. No volveré a viajar con ellos, por supuesto."
67,1,"NOS HAN DEJADO EN TIERRA POR NO TENER MASCARILLA FFP2 - Y SE HAN REIDO DE NOSOTROSNos han dejado en tierra sin darnos opción. Cuando entramos a embarcar, nos dijeron que necesitábamos la mascarilla tipo ffp2, y que estaban a punto de cerrar el embarque. No nos dieron solución, sólo que buscásemos alguna. La única máquina dispensadora de la terminal no funcionaba, y cuando volvimos a la puerta de embarque ya habían cerrado.Nos han dejado en tierra, con todos los problemas personales, laborales y económicos que esto supone.La persona que nos ha atendido, se ha REIDO directamente de nosotros, NO NOS HA DADO NINGUNA SOLUCIÓN, NO NOS HAN TRATADO COMO CLIENTES, LO MÁS PARECIDO ES GANADO. UN TRATO DENIGRANTE.NUNCA MAS VOLVEREMOS A COGER ESTA AEROLÍNEA."
68,1,"ESTAFACompré hace dos días varios billetes desde Madrid a Ginebra con EasyJet. Pues bien, el cobro está realizado a mi cuenta bancaria pero los billetes, la reserva, el correo que se supone que tienen que enviarte no aparece por ningún lado; es como si no los hubiera comprado. Estoy intentando encontrar un número de teléfono o alguna manera de contactar con la aerolínea pero es imposible, Por favor, ¿alguien más a quien le haya pasado lo mismo? ¿ alguien que pueda facilitarme algún correo electrónico o número, por favor?"
69,1,"Mal educados y no ayudan !!!!!Estaba en la puerta de entrada del avión y la azafata no me dejó entrar al avión por no tener un qr, por lo que le dije por favor rápido dime cómo puedo rellenar el formulario y no me contesto, diciéndome al mismo tiempo que tenia que pagar 50 libras para conseguir el qr, lo cual es mentira. Nadie quiso ayudarme para hacer el formulario ni me dijeron donde lo podía hacer, me dejaron en tierra y tuve que comprar otro vuelo."
70,1,"Vergonzosa experienciaMuy malo, nos han dejado en tierra sin darnos más opciones para poder embarcar por no sacar un QR. Lo pudimos sacar y el avión no había salido y estuvo toda una hora sin salir, en la que nosotros teniendo todo listo para embarcar los azafatos de tierra no nos dejaron embarcar y sin darnos la hoja de reclamaciones."
71,1,"Malos… pésimo no vuelvo a viajar por…Malos… pésimo no vuelvo a viajar por esta compañía, como es posible que en un aeropuerto internacional no tengan quien hable español … y la atención muy grosería mal educados … mejor dicho deberían de hacer algo con Esto porque no es posible que asco de compañía .. NO LA RECOMIENDO.."
72,1,Viaje con esiyestGran solpresa me lleve con el viaje por esiyest de Madrid a Londres compre mi pasaje con el vulto incluido  pero cuando tenia que embarcar me dijeron que tenia que facturarlo y pagar casi 30 euro y sino me dejaban en tierra.los he pasado muy mal no volveres a viajar con esa compañia
73,1,"Tengo comprado unos vuelos con Easyjet…Tengo comprado unos vuelos con Easyjet para el 26 de marzo de 2021 para realizar un viaje de ocio y al publicar el Gobierno la resolución en el Boe de 12 de marzo que prohíbe salir de cualquier comunidad autónoma,les llame para cambiar los vuelos de fecha y me han dicho que no es su problema. Nunca más volveré a contratar un vuelo con esta compañia."
74,1,"EASYJET, cada día peor...Esta empresa, lo hacia relativamente bien... pero desde el Covid19, un SUSPENSO completo!Vivido varias veces últimamente (y denunciado ante la CEE), la compañía NO sigue las exigencias sanitarias de los países, aplicando su propia interpretación. El pasajero cumpliendo con la normativa del pais de destino se verá obligado a cumplir los caprichos de dicha compañía… No sé si es INCOMPETENCIA o INCOHERENCIA pero en cualquier caso no van a fidelizar a los clientes de esta manera…"
75,1,"CANCELACIÓN NO REEMBOLSADATras haberme cancelado un vuelo planeado para principios de agosto, me deniegan el reembolso del billete vulnerando los derechos establecidos en el Reglamento nº 261/2004 del Parlamento Europeo y del Consejo.He procedido a la reclamación a las autoridades aéreas competentes y, próximamente, interpondré las acciones legales correspondientes."
76,1,"EasyJet es la peor en la que he viajadoEasyJet es la peor aerolínea en la que he viajado jamás. La política de equipaje es esquizofrénicaUna sola maleta en cabina ok, pero que no se pueda llevar ni un bolso de señora en mano es absolutamente inaceptable. Y el comportamiento del personal en la puerta embarque acorde a la compañia: TRATAMIENTO DEL PERSONAL CERCANO AL INSULTO Y DESPRECIO AL CLIENTE"
77,1,"Nefasta solución a los vuelos…Nefasta solución a los vuelos cancelados por ellos mismos debidos al covid. La única solución que proponen es un formulario, al que nadie más que un mensaje automático responde, y que espere primero 21 días, luego 30 y ahora hasta 90 días. Lamentable la atención al cliente y por lastima solo queda esperar su respuesta. Habrá que hablar con la ocu, para denunciar a esta gentuza."
78,1,"Sin servicio al clienteLlevo todo el día desde las 8 de la mañana intentando anular un vuelo que el sistema cambió la fecha por Mayo, cuando quería para este domingo.No aparece el vuelo en el sistema, así que no hay manera de anularlo. Nadie atiende el teléfono, no hay manera de contactar con ellos, cuando son 24 horas para la cancelación gratuita.Que servicio es este?"
79,1,"Llevo 6 semanas esperando el reembolso…Llevo 6 semanas esperando el reembolso de easyjet!! tres vuelos anulados por el corona virus, dos personas de Basilea a Santiago de compostela el 21 de marzo con vuelta el 5 de abril y otra con salida el 28 de marzo y mismo regreso no hay forma de comunicar von la compañía creo que esperan haber si nos olvidamos y no nos reintegran el dinero. Muy mal"
80,1,demasiado mal serviciodemasiado mal servicio. en Londres en suiza en españa es una compañía demaciado fatal . y los que trabajan para ella son mas porquerias . no son nada respetuosos son de lo peor nunca mas con estos hpt
81,1,"Pésima compañía.....vuelos con colas…Pésima compañía.....vuelos con colas interminables,el personal prepotente,desagradable y muy mal educados.Son los primeros en no respetar las normas de la propia compañía...Me quería hacer pagar 60€ por mi bolso de mano,alegando que era otra maleta....Quieren estafarte por cualquier motivo....Si puede evitarla ....será un alivio !"
82,1,"PERDIDA DE EQUIPAJECuidado con el equipaje pues si se retrasa o pierde, a parte no haber nadie en el mostrador de la sala de entrega de equipajes de la terminal 1 de Madrid y no contestar al tfno que ponen tanto en la web como en el cristal de la ventanilla, te tratan como si fueras un trasto viejo y ni te ayudan.No hacen su trabajo de admitir a trámite la reclamación y darte un justificante, sólo te mandan a la página web y se desentienden."
83,1,"Son una autentica basura de compañíaSon una autentica basura de compañía. No me dejaron embarcar en mi vuelo de conexión de Egipto a Barcelona dia 13 de diciembre del 2020. Alegaron que ellos no hacen conexiones que sus vuelos son todos one way. Con ambos vuelos pagados por supuesto y 0€ reembolsados son una panda de inútiles e incompetentes hdlgp. Perdí +500€ y 5 días de estancia en Londres en comprar otro vuelo con otra aerolinea. Hazte un favor y contrata a otra aerolínea, con estos ineptos ni a la vuelta de la esquina."
84,1,"NO VUELEN CON ELLOS!NO VUELEN CON ELLOS!! No me dejaron embarcar en el vuelo porque el sus normas covid, ni siquiera se plantearon esperar que enviaran los documentos necesarios( que ya tenía pero no a su gusto PDF) me dicen de cambiar el vuelo y no me lo reenvolsan, es decir, que me pague yo otro. Intentas que te atiendan en el aeropuerto y te ignoran directamente diciendo que hay que hacer todo por Internet, nose para que tienen gente trabajando en el aeropuerto la verdad... Llamas y nadie te soluciona nada. Salvo que compres otro billete. Sinceramente unos estafadores!"
85,1,"Política de cambio/cancelación abusivaPolítica de cambio/cancelación abusiva. Hasta el 31/03/22 tenían flexibilidad total pero ahora que vuelve todo a la normalidad, cuesta más cambiar el billete que comprar uno nuevo."
86,1,"personal moles tableme dejaron poner 2 maletas en una,porque la pagina no esta clara para saber,si pagas maleta al cabina o  para chakearla,ent yo page la maleta para chackear sin ser cosiente de. esto y despues de poner 2 bolsas en una finalmente me la ponenieron dentro de avion,porque habia demasiadas maletas en cabina y yo me quede sin nada...esto no me ha pasado nunca en mi vida"
87,1,"Una experiencia muy desagradable.Una experiencia muy desagradable.Por una parta la falta de información referente al equipaje, tener que facturar la maleta en la puerta de embarque por un coste de 60€, por mucho que se trate de una compañía low cost, me parece un auténtico robo.Por otra parte la atención es pésima, no tienen educación.Una mala experiencia y de verdad que no recomiendo esta compañia a nadie."
88,1,"No atienden las devoluciones de gastosDespues de meses batallando para que paguen la gasolina de un desplazamiento por un vuelo cancelado a las 5 de la mañana, ni siquiera el parking o hotel , se niegan con excusas que no vienen al caso, y no me permiten ni argumentar pues su mensaje viene desde un nonreply, ahora que esto termina en Bruselas...Cada vez se parecen mas a Ryanair..Antonio de la  Hoz"
89,1,"Aerolinea low cost de m… se valen de…Aerolinea low cost de m… se valen de todo tipo de triquiñuelas para que los clientes no puedan acceder a cancelaciones o cualquier tipo de asistencia, su atención al cliente es prácticamente inexistente."
90,1,"Aconsejo que nadie viene con East jet es lo mas malo q hay en compañiasEs la peor compañía con la q viajar ,su personal es prepontente sin ganas de trabajar no intentan ayudarte en nada ,nos cerraron la puerta de embarque en las narices cuando aún faltaban 20 min para salir el vuelo ,nos bajaron  las maletas ,y todo por su culpa ,al facturar colas larguísimas una sola  persona facturado ,tuvimos q comprar otro vuelo ,y ya el colmo ha sido q en este nos han perdido una maleta ,o sea una pesadilla ,esta compañía merece q nadie vuele con ella ,es un caos"
91,1,"Atrasos, políticas de equipaje y flexibilidad al viajar con niños, NEFASTOSUna bolsa de compra, me la hacen facturar como equipaje!! Trato poco amable, salidas de tono al hablarte, retrasos en las salidas, ...Ser una compañía low cost, no justifica tan mala atención y tan poca flexibilidad con los pasajeros. Trato nefasto. Política de equipajes, nefasta (una bolsa de compra, no se puede considerar un equipaje más). Viajas con niños y de ver el trato que te dan, se ponen a llorar y lo pasan fatal, en fin...en definitiva, una nefasta experiencia."
92,1,"Desastrosos.Consideran ""retraso"" lo que en realidad es una ""cancelación"" (salir al día siguiente) y se saltan la legislación vigente violando los derechos del consumidor al no ofrecer la opción de ""reembolso"". Además, lo que es peor, asumen que el cliente acepta sus nuevas condiciones."
93,1,"Peor no se puedePeor no se puede, me dejan tirado en Ginebra con 5 personas más porque no tengo formulario de control sanitario en mi teléfono, intento descargarlo pero no conseguimos por problemas de conexión del teléfono. No me atienden y me hablan en Francés (no tengo ni idea de francés), no me ofrecen alternativas y mi vuelo salió después de 45 minutos de locura, nervios y ansiedad.Les da igual. Por fin vuelo con Swiss y me dan el documento en PAPEL que necesito para viajar , además de ayudarme a descargarlo online.¡No vuelen con Easyjet! A menos que les de igual quedarse en tierra."
94,1,"Fatal compañía de vuelosFatal compañía de vuelos. Me siento totalmente estafada por decir que no vuelvo a volar con ellos en la vida. Vigilar mucho, penalizan por llevar maleta de cabina y te cobran 29€ por maleta. Lo barato sale caro con Easyjet."
95,1,"El trato del staff en el aeropuerto…El trato del staff en el aeropuerto inaceptable. Parece una cacería en busca de equipaje de cabina que no respete las medidas. El vuelo tendría que haber despegado a las 21.05 pero se retaso bastante tan solo debido a que hicieron medir el 90% de las maletas para ver si podían sacar algún dinero extra. Cuando algún pasajero pasaba el ""examen"" y la maleta tenía las medidas se mosqueaban y hacían comentarios inapropiados entre ellos. Una vergüenza de empresa y personal."
96,1,"Ahora no puedes llevar ni maleta de manodurante la pandemia os hemos apoyado, hemos estado viajando con vosotros. siempre he preferido easyjet a ryanair aunque fuese más caro pero ahora os pareceis a ellos poniendo esta medida nueva sobre el equipaje de mano permitido. sólo para sacar más dinero. no tenéis vergüenza. cuando viajamos necesitamos llevar equipaje y de esta forma nos obligais a pagar mucho más dinero para facturar una maleta. a partir de ahora volaré con otras compañías que ofrezcan los mínimos.no volveremos a volar con compañías aéreas cutres como vosotros o ryanair."
97,1,"Compañía nada seriaCompañía nada seria, Tenía un viaje planificado para 6 personas a finales de mayo. En abril me envían un correo  para que acepte un vale y estoy de acuerdo. Luego me responden diciendo que debido al alto número de correos recibidos se pueden demorar en responderme . Pero a comienzos mayo me llega otro correo indicandome que tengo hasta el 19 de mayo  para pedir por teléfono el cambio de fecha o el vale. He llamado en horas y días diferentes jamas he conseguido que me respondan.Hable con chica de atención al cliente vía Fb y ella no me pudo ayudar."
98,1,"NO devolucion de dinero por cancelacion de vuelonCompre unos billetes para viajear desde Toulouse a Malaga, pero con el covid fueron anulados. me ofrecieron un bono para usarlo cuando quiesiera, sin embargo:1. he tenido que insitir para que me devuelvan el dinero.2. me indicaron que solo me daban un bono, tras un tiempo he visto que a familia mia, le devuelven el dinero. Al solicitar el dinero me indican que una vez que te dan un bono, ya no te devuelven el dinero. Sin embargo cuando solicité el dinero, me indicaron que me daban un bono. NADA HONESTOS POR SU PARTE.3. ya no operan en los destinos que realizo. Toulouse Malaga.con lo cual tengo un bono que solo puedo utilizar yo y mis hijos, para usar en vuelo que ya no operan, me veo que voy a perder.a EVITAR!!"
99,1,"Mal trato al clienteMal trato. He tenido que probar que cabía el ordenador dentro de mi maleta de mano que además me la han bajado a bodega. Todo delante del resto de pasajeros. En el avión había sitio libre para maletas. Es legal, solo les importa eso"
100,1,Cancelación sin reembolsoMe cancelan ellos el vuelo 15 días antes de despegar por restricciones de turismo en Londres y no contestan a mis continuas reclamaciones de reembolso. Nos remiten a la app que no ofrece opción de reembolso. Impresentables!!!!
101,1,"Lo barato sale caroPésima compañía, no volveré a volar con EASYJET, con retraso. Lo barato sale caro, pues te cobran por la maleta de cabina casi 30 €, han reducido las medidas a nivel ridículo."
102,1,"NO comprar nunca vuelos de easyJetRecomiendo NO comprar nunca vuelos con easyJet. Si el aeropuerto no está congestionado en principio no habrá problemas, pero si hay que retrasar o cancelar algún vuelo ese va a ser de easyJet. No responden a las reclamaciones."
103,1,Falso cambio de vuelo gratuito por covid19Es falso el cambio de vuelo que ofrecen sin cargos a mas de 14 días por el covid-19. Tengo reserva de 9 personas y no deja ni cambiar un vuelo ni tampoco todos. Lo he intentado todo numerosas veces y es imposible. Da error siempre.
104,1,"Easyjet NO es una compañía seria. CUIDADO porque lo que ofrecen es falso, según mi experiencia a día de hoyEasyjet NO es una compañía seria. CUIDADO porque lo que ofrecen es falso, según mi experiencia a día de hoy. IMPOSIBLE CONTACTAR CON ELLOS bajo la escusa de la COVID19. Me han CANDELADO mi VUELO A BERLIN 2 VECES. NO DEVUELVEN EL DINERO.  Estoy esperando, al menos, el vale que me ofrecieron hace más de 28 días al ser cancelado mi viaje K1WZ9QC segundo que me cancelan. Me CANCELARON el de 2020 y ahora el de 2021.SI INTENTAN VIAJAR CON EASYJET ES MUY PROBABLE QUE NO LO CONSIGAN Y QUE SE QUEDEN CON SU DINERO.Stelios Haji-Ioannou es el dueño de la compañía y ha aprendido mal lo que le enseñaron en la London School of Economics"
105,1,"Atención Cliente que te habla así ?Atención Cliente que te habla así ?! Pero donde vamos !!!! Pésimas experiencia, mal educados...Revisar como contratáis y formáis a vuestra gente porque esto no es normal !"
106,1,"UN DESASTRE!!!!UN DESASTRE!!!!Sacamos dos pasajes en enero para viajar a Croacia en julio. Nos cancelaron el vuelo de ida y lo cambiamos para otra fecha. El de la vuelta teníamos que pagar para cambiarlo pero una señora amablemente nos lo cambió sin cobrarnos. Nos aseguraron que en esta fecha saldrían los vuelos y nos vendieron los pasajes, y NO!! VOLVIERON A CANCELAR EL VUELO DE IDA! y 15 dias de anticipacion! Tuvimos que cambiar de destino a ultimo momento y no nos rembolsaron ni nos cambiaron el vuelo de la vuelta. Tuvimos que sacar nuevos vuelos y vamos a perder el vuelo de vuelta de croacia... Un desastre! cancelan el de la ida y no el de la vuelta... cualquier cosa!"
107,1,"HORRIBLEMi experiencia es del día 19 de diciembre de 2018. Llamé a atención al cliente porque en la aplicación me salía, a ratos, que mi vuelo llegaba puntual y a ratos que no, que se atrasaba 4 horas. Llamo para pedir información y me dicen que no me pueden atender. Que ellos no se hacen responsables de eso. ¿Perdona?No contentos, me sueltan así, sin más, un ""corre, corre, que llegas tarde, jajaja"" ¿Peeeeerdona?Se negó, POR SUPUESTO, a pasarme con un superior y a facilitarme el nombre. Pero mañana mismo pongo la reclamación por escrito. ¡Faltaría más!"
108,1,"Atención Cliente que te habla así ?Atención Cliente que te habla así ?! Pero donde vamos !!!! Pésimas experiencia, mal educados...Revisar como contratáis y formáis a vuestra gente porque esto no es normal !"
109,1,"Escandaloso. Sin respuesta.El 27 Noviembre compré 2 billetes para volar con mi hija desde Copenhague a Amsterdam durante 27 Dic al 3 Enero. El dia 18 Dic el Gobierno Holandés decide hacer efectivo un estricto lockdown desde el 19 Dic hasta el 14 Enero. Por tanto, ya no tiene sentido que viajemos allí. Una odisea encontrar un Tfno, email de contacto de Easyjet. Al final, vía su Facebook, les envío un mensaje explicando la situación y pidiendo el Reembolso del dinero u otra solución. Ya han pasado 2 días y sigo sin respuesta. Me temo que llegará la fecha del vuelo y perderé todo si no responden antes. Qué desastre !!! Y luego las aerolíneas presumían de las facilidades y flexibilidad en comprar billetes a pesar de Covid y poder cambiar fechas o destinos. Mentirosos !!!"
110,1,"Atención al cliente malísimaAtención al cliente malísima, aparte de que me han hecho pagar 30epor mi maleta ( cada vez ponen más pequeños los espacios) me dicen de que tengo que mi maleta va en cabina facturada y que tengo que quitar el ordenador y llevármelo aparte (lo tengo que llevar a mano).Me he puesto a hablar de lo injusto que es éste punto con la azafata y su respuesta ha sido muy agresiva, que es lo que hay, que para eso he pagado una aerolínea económica (que me digan si 120e es económico) y que me lea el reglamento aéreo el cual dice que no puedo llevar dispositivos electrónicos en bodega ( como si hubiera alguna diferencia de llevarlo en avión en caso de explosión)Sinceramente, estamos llegando a un punto en el que la empresa se salvaguarda de sus políticas abusivas y todo vale por el simple hecho de que has pagado menos que otras aerolíneas.Te compensa mucho más pagar Iberia o tap Portugal"
111,1,Con un bebe de 6meses en brazos y no ayudanon un bebe de 6meses en brazos y no son capaces de cogermelo cuando me piden que meta la maleta en la caja para comprobar las medidas. Ya son varias veces que esa señora de rizos trata mal a los clientes e intenta a toda costa facturar maletas. Para rematar esta vez acompañada de otra persona con piercing en la nariz que le perdonaba maletas de las del camino de santiago a algunas personas mientras a otras les cobraba 60€por 2cm de las ruedas que sobrepasaban. No somos todas las personas iguales para vosotros? No. Ya me avisó mi marido que a él por trabajar en el cern y llevar ma plaquita colgando le haciais la vista gorda. Una verguenza!!!
112,1,"Horrible experienciaHorrible experiencia! Cobran cuando la maleta de cabina es eso de cabina (vuelo siempre en cabina con ellas y en toooodas las compañías) pero rígida y por las cremalleras y tiradores no entran, tiran delante de ti de mala manera el expositor de medida y dejándote en evidencia delante de todo el pasaje te gritan lo que debes pagar y sin mediar palabra te hacen a un lado con desprecio. En Charles de Gaulle tuvimos este incidente con una empleada de facturación llamada Desiree, quien trató igual de mal a otros pasajeros y acabó dándome con prisas un ticket de mi cobro sin tinta mientras que perdió a la par un pasaporte de otro pasajero. Por lo tanto, es evidente que mi experiencia y valoración de tal empleada y de la compañía es pésima. No os dejéis llevar por el precio inicial pues acabas pagando una barbaridad y de malas formas."
113,1,"Multa por llevar maleta de mano60 euros de multa por llevar una maleta de mano que no cumplía con las medidas de Easy Jet, ¿entonces ahora tengo que comprar una maleta de mano para cada aerolínea? De dos maletas que tengo ninguna cumple con sus requerimientos. Además ya había pagado para registrar una maleta y luego me clavan una multa? ¿Dónde está el low cost? Encima el trato que recibimos fue miserable, no como clientes sino como delicuentes. No recomiendo esta aerolínea en absoluto, está igual o peor que Ryanair hacen los clientes lo que les viene en gana. Si pudiera ponerle 0, le pondría. Hoy acaban de perder 3 clientes más todos los que les pienso contar mi experiencia."
114,1,LadronesLadrones. Te obligan a pagar para facturar tu equipaje de mano porque segun ellos no cabe y despues ves el area de equipaje de mano vacia..
115,1,"Esta compañía es una pesadillaEsta compañía es una pesadilla. Tienen en el  Aeropuerto Basilea-Mulhouse-Friburgo a un supervisor llamado J.Müller que es un auténtico sinvergüenza. Nos hizo pagar 70€ por un bolsito pequeño que llevaba mi hija colgado con un peluche diminuto, lo contaba como equipaje de mano, y como nos negamos porque era un abuso nos dijo que no nos dejaba volar y se puso a gritarnos en actitud agresiva diciendo que nos daba tres opciones, o tirabamos el peluche a una papelera, o pagabamos 70€ o nos quedamos en tierra. Mi hija comenzó a llorar y fue horrible. No tuve otra opción que pagar.  Es un autentico sinvergüenza y un chulo de barrio. No pienso volver a volar con EasyJet en mi vida."
116,1,Adiós easyjetCancelación con nocturnudad y alevosia Con ningún trato profesional Para mi se acabó esta compañía
117,1,"Easyjet la peor aerolíneaLo ocurrido el 11 de abril en el aeropuerto de Ginebra no tiene nombre, una azafata de tierra sólo por el simple hecho de decirle que se espere un momento mientras sacámos de la muchila los certificados covid,después de recriminarle la mala educación y Mal trato que nos estaba dando decidió que no permitía el embarque dejándonos en tierra y causando trastorno en todo para regresar a Madrid, tuvimos que comprar billetes con iberia y pagando unas cantidades asombrosas, también conseguir hotel y cuanto gasto se genero todo esto por que una señorita se enfado y no permitió el embarque, pedimos la presencia de la policía y fue de poca ayuda.Lo único que me queda es llevarles al Juzgado y intentar  cobrarles los gastos y el mal rato pasado,pero no recomiendo esta aerolínea es la peor y sobre todo la mala atención al pasajero.NO VIAJAR MÁS CON EASYJET.NO VIAJAR MÁS CON EASYJET"
118,1,"Robo de EasyjetEasyjet nos cancela (ELLA, LA COMPAÑÍA) el vuelo a edimburgo y se queda con el 50% del importe del billete al hacer la devolución. Es un ROBO"
119,1,"Es una vergüenzaEs una vergüenza, tanto en mi vuelo de ida como de vuelta barcelona-Milán he sufrido retrasos y anunciados q ultima hora.Es la primera y última vez que viejo con la compañía."
120,1,PESIMA AEROLINEA- ACONSEJO NO VIAJARHce unos 6 meses compre dos vuelos por EasyJet- Uno de ellos de Olbia a Milan es imposible de realizar por la pandemia- Quiero cancelar el vuelo pero esta aerolinea no tiene telefono para atencion al cliente y los email vienen rechazados- Imposible comunicarse- Pedia devolucion del importe abonado y luego aceptaba un bono pero jamas me respondieron- Ellos no reitegran el dinero nunca- En el otro vuelo que era de Milan a Barcelona la empres acancelo el vuelo y me dan como unica opcion un bono por el importe para otro vuelo hasta un año de la fecha de emision- Es una basura como empresa y lo unico que les interesa es cobrarte y luego cualquier inconveniente que surja incluyendo una pandemia jamas reintegran lo abonado- Pesima atencion- Mi consejo es jamas volar por esta empresa
121,1,"Lo peorLo peor. No hay nada más deleznable que está compañía. Bordes, groseros, te tratan como un enemigo en vez de como a un cliente. Nos exigieron un código QR imposible de rellenar en 20 minutos. Según ellos lo pide el Gobierno español. Es posible que sea así pero no tienen que pedirlo en origen si no en el destino, con tiempo razonable para rellenar el formulario. Pueden enviar un aviso desde días antes en vez de anzuelos para pagar más por equipaje, prioritys y zarandajas. Perdí el vuelo junto con otros 5 pasajeros, entre ellos dos menores que iban solos. Volé con Norwegian al día siguiente, con mi formulario, y no me lo pidieron. Es más, se quedaron alucinados de que easyJet me lo exigiera. Son impresentables, bordes, mezquinos, ruines, sin empatía con sus clientes. Nunca más, ni gratis."
122,1,"ROBO DE DATOS Y ATENCIÓN CEROROBO DE DATOS Y ATENCIÓN CERO. Tenemos un viaje programado para agosto dedtino Londres.No solo no nos devuelven el dinero (en londres hacen cuarentena de 15 dias y nosotros viajamos 7 y con un bebe) después de mandar unos 6 o 7 mails y marearme, me mandan dos correos para decirme que me cambian las hora de los vuelos!!!! Enserio?? Sisi, no me devuelven el dinero pero me ponen peores horarios y aun no me han devuelto lo que pagé para reservar asientos... Si en una pandémia como esta no miran por la salud de sus clientes es que dejan mucho que desear. Nunca más!!!No os lo recomiendo para nada.Por cierto, a todo esto resulta que un haker les robó todos mis datos y los de mi família y aun así han sido incapaces de disculparse y devolvernos el dinero."
123,1,"La peor compañía del mundoLa peor compañía del mundo. Unos ladrones, mala atención, retrasos. El avión una castaña. En conclusión no viajar nunca con ellos."
124,1,"NO viajen con esta compañía EASYJETNO viajen con esta compañía, solo quieren robar a los viajeros, les importamos  muy poco. Pagas un dineral por un billete. Ponen unas medidas en  el equipaje de mano muy exigentes,solo puedes llevar una pieza,  tipo  mochila del gimnasio o trolley de la barbie,  ni una simple riñonera o cosa de ese tipo puedes llevar mas . Llevas el equipaje reglamentario, todo medido, pasas dos controles en diferentes aeropuertos sin ningún problema y en el vuelo de vuelta ,en  el primer control de dicha compañía a la señorita de turno se le hinchan las narices o algo más y te dice que no es correcto y tienes que pagar 29 euros o pierdes el vuelo. Intentas hacerle entender que dos días antes habías pasado todos los controles de la misma compañía sin problemas, pero no te escucha . Digo yo.... Que reglas tiene esa compañía??? Lo hacen a suerte... tú sí.... tú no...??? UN CONSEJO....JAMAS viajen con ellos , ha llegado a mis oídos que por desgracia es una práctica habitual hacer eso"
125,1,"Fue una pesadillaFue una pesadilla, la jefa de cabina me obligó a cambiar de asiento con el avión en marcha y me caí en el pasillo. Me trataron como a un delincuente"
126,1,Easy Ladrones jet me acaba de estafar…Easy Ladrones jet me acaba de estafar 200 euros de un vuelo que he perdido por su culpa por falta de informacion en su pagina web.
127,1,Llevo dos meses esperando contestación…Llevo dos meses esperando contestación por vuelo cancelado... y quiero un crtificado de la cancelación. ¿Cuánto más voy a tener que esperar?
128,1,"FatalFatal. Te cancelan el vuelo sin preguntar y te dan el que les da la gana, si tenias cosas planeadas te aguantas.Lo “barato” sale caro."
129,1,"Medidas COVID nulasEl día 13 de septiembre hice escala en Londres Luton y viajé a Málaga. Las medidas COVID-19 no se cumplieron en absoluto ya que justo al lado tenía a una persona, evidentemente sin dejar nada de distancia de seguridad.Los pasajeros no dejaban de bajarse la mascarilla constantemente, y aunque la tripulación les llamó la atención en repeditas ocasiones, deberían de ser más severos con los pasajeros que no cumplen estas medidas ya que hoy he recibido un sms del NHS avisándome que he estado en contacto con una persona infectada, obviamente un pasajero del avión.Luego me hace gracia que la maleta de mano cada vez en más pequeña por medidas COVID, pero no se respeta nada.Somos personas y no bultos o maletas, no llenen la capacidad total del avión y dejen más distancias entre pasajeros.Creo que esto no lo leera nadie de la compañía pero estoy descontenta con la empresa e intentaré no volar más con ellos."
130,1,"Evitar, peor imposible.Reserve un vuelo para 2 personas Colonia-Berlin por 37€.Cuando me llego la confirmación, me di cuenta que habían cogido mis apellidos y se lo habían puesto al otro pasajero. Hice la reserva con la auto-formula por lo que un fallo por mi parte es prácticamente imposible.La web me pide 68€!!! por cambiar el nombre y en el online help chat llevo 1.30h esperando a que me atiendan, supongo que no es que vayas avanzando en la lista de espera sino que los de delante tuyo van abandonando la sesión y tu vas avanzando hasta que tu mismo abandonas ya que nadie responde al chat.Visto el servicio que ofrece Easyjet, perderé el vuelo y reservare con otra compañía o iré en tren.Nunca estuvo mas acertado el viejo proverbio...al final lo barato sale caro.Alguna autoridad debería encargarse de estas aerolíneas lowcost y pararles los pies en estas practicas mafiosas."
131,1,"NUNCA VUELEN CON EASYJETVuelo cancelado y proceso de reclamación largo, costoso y sin respuesta por su parte. EVITEN VOLAR CON EASYJET A TODA COSTA.Servicio al cliente nulo."
132,1,En mi vuelo de Hoy de Malaga Amsterdam …En mi vuelo de Hoy de Malaga Amsterdam dos viejos holandeses empezaron a insultarme llamándome Bitch uno de esos me dijo que dejara de usar my móvil el cual estaba escribiendo un texto lo tenía en modo avión uno de los viejos me dijo Bitch turn off the phone lo cual me sorprendió pues pensé que le estaba hablando a su mujer que estaba a mi lado al yo girarme me volvió a decir en inglés you are a bitch lo cual inmediatamente llame a la azafata y  el con su dialecto holandés le estaba diciendo algo que no era lo cual la azafata empezó a atacarme como si yo hubiese  sido la que había insultado y en tono grocero la azafata me dice que me calle o me cambia de silla alo cual quede perpleja porque no pensé que está mujer fuese a reacciónar así la víctima allí era yo.Servicio fatal no lo recomiendo a nadie.
133,1,"Equipaje extraviado por EasyetEl 28 de diciembre 2021 facturé 2 maletas grandes en Edimburgo, para mi vuelo de regreso a Madrid Barajas.En llegadas sólo apareció una de ellas.Hice la reclamación a través de su sitio web y te dan un código para el seguimiento.Primero tuve un mensaje automático de rastreo para comunicarme que la maleta se envió por error a Gatwick.Pero después no había más noticias. Traté de obtener ayuda, pero la atención al cliente sólo me pudo facilitar un teléfono móvil (626170187) que se supone es un tel. de Easyet para equipaje extraviado, pero nunca funciona.Además, resulta que cuando facturé en Edimburgo, la persona de Easyjet no me proporcionó un resguardo de código de barras del equipaje. O sea, cadena de errores de Easyjet.A día de hoy sigo esperando la maleta y lo peor de mi caso es que al haber fallecido mis padres hace poco, la maleta contiene muchas cosas sentimentales, demasiadas para llevar encima, por eso no tuve más remedio que facturar la maleta para la bodega."
134,1,"Un servicio muy maloUn servicio muy malo. Cuando se saben estas cosas es cuando hay problemas. COn 12 horas de antelacióón recibí un mensjae de que me habían cancelado el vuelo a Edimburgo. Ninguna información más. Tuve que llamar a un telefono de atención al cliente que estaba cerrado y tuve que esperar ocho horas hasta que abrieron. Me atendió una señora que hablaba un español muy malo y que seempeñaba en hacerlo en inglés. Me dijo, de muy malos modos que ""no era politica de la compañía"" devolver gastos. Me devolvieron el importe de los billetes, pero no los gastos que habíar ealizado como consecuencia de tener el billete, entre otros, la reserva del hotel, que además, había sido hecha a través de la propia pagina de easyjet. Al final, les estoy reclamando una indemnización mediante Airhelp. Veremos en qué acaba."
135,1,"Atención al cliente que deja mucho que…Atención al cliente que deja mucho que desear,por la maleta de mano te cobran 29€.¡PÉSIMOS!"
136,1,"Lamentable atención en Londres.Lamentable atención en Londres.1. No querían aceptar el certificado de recuperación de COVID español porque “no era válido para España” siendo que viajábamos de vuelta a España, siendo españoles. Tuvo que venir una superior a dejarla hacer el check in.2. En la puerta de embarque (104 Gatwick), el hombre que estaba llamando a entrar y escaneando las tarjetas de embarque le hizo problemas a una amiga que viajaba con nosotros con pasaporte ruso (residencia en España). No quiso ni escucharla ni recibió la residencia. Tuvo que venir un superior a dejarla embarcar. (Tengamos en cuenta que para llegar hasta la puerta de embarque has pasado 3 controles ya de pasaporte más los del aeropuerto anterior (Gatwick era escala).3. En el avión un chico de 18 años sin mascarilla todo el tiempo. Las azafatas pasaron por su lado 10 veces y nunca le dijeron nada. Tuvimos que decirle nosotros y luego volver a hablar a las azafatas para que se lo digan. Pasotismo total. Lamentable.La empresa DOHOP que se encargó de nuestros cambios de billete (porque EasyJet nunca nos aviso del cambio, nos enteramos mirando la aplicación) muy bien."
137,1,Son unos atracadores te obligan a pagar…Son unos atracadores te obligan a pagar una maleta de mano a precio de facturación normal.
138,1,"No pude volarTenía que hacerme una prueba de antígenos 48 horas antes del vuelo. Yo lo tenía el sábado a la 13:30 y la prueba la tuve que reservar el jueves a las 12:37 porque la clínica no tenía ningún horario más disponible. Cuando voy a embarcar y me miran la prueba de antígenos me dicen que no puedo volar porque la prueba no está hecha con 48 horas antes, que por esa hora de ****** no me dejan volar. Solamente me dicen eso y no me dan ninguna solución. Además el chico se pone a seguir atendiendo a otros pasajeros, sin ni siquiera decirme por donde tengo que salir. Solo le importaba poner mi nombre en la lista de pasajeros que se quedaban sin volar. Una impotencia horrible ver a mi madre y a mi hermana cruzar al túnel de embarque mientras yo me quedaba en tierra sin soluciones. Se lo conté a los guardias y la guardia civil ya que tenía que salir por la zona de control y como yo se quedaron alucinando. Decían que no había derecho y que no es ni medio normal, encima viajando con tu familia. Una vergüenza de compañía, si lo pueden evitar no vuelen con ellos/as, no tienen ni idea de cómo actuar frente al público, son pésimos."
139,1,"EASYJET LADRONES Hoy 14 de enero llevo 1 mes ydías…Hoy 14 de enero llevo 1 mes y 10 días esperando a que easyjet me reembolse o en su defecto me haga un bono por 1.888€! Compramos 10 billetes para ir a Londres en el puente de diciembre! Era un viaje de hermanas, sobrinos, en familia! Como 5 días antes del vuelo una hermana dio positivo y con ello nos aislaron a todos ya que habíamos tenido una comida! Llamo a la compañía y me dicen que sin problema que mande el resultado y me hacen un bono! Genial! A los dos dias cero respuestas y en ese instante ponen cuarentena de 48 en uk que era a dd íbamos y ofrecen reembolso o bonos en la página web! Vuelvo a llamar y que sin problema ninguno! Pero nada! La noche antes del vuelo les escribo un mail haciendo quedar constancia de todo porque no íbamos a coger el vuelo! Nadie contesta! Y así empieza una tomadura de pelo tras otra, mails pidiéndome un certifico médico, etc! Le contesté amablemente que eso ya daba igual porque la compañía lo había ofrecido públicamente 48 hrs antes de la salida del vuelo! Silencio máximo dirante 15 días! Ayer les vuelvo a escribir y hoy me mandan un mail que en resumen pone búscate la vida! Son unos impresentables y utilizan publicidad engañosa! Espero recuperar mi dinero! Esto fue en diciembre 2021"
140,1,"La peor compañía con la que he viajadoLes pongo una estrella, por qué no se puede no poner ninguna. Atención al cliente más que nefasta, tanto vía e-mail como vía telefónica. Información engañosa por los vuelos afectados por COVID-19, para que pagues más dinero del que costó tu vuelo. En el caso que quieras cambiar tu vuelo de destino o fecha debido  a la situación actual, en la pagina web te dicen que puedes cambiar tu vuelo de forma gratuita hasta 14 días antes. ( sin tasa de cambio) debido a que "" son comprensibles por la situación que pasamos"", sin embargo cuando decides cambiar tu vuelo ( dos meses antes ) no solo te hacen pagar la tasa máxima  de cambio ( tanto en el viaje de ida como en el vuelta) sino que te obligan a pagar la diferencia de precio del billete de cuando tu lo cogiste, eso si, siempre que sea más cara por qué si es más barata no te devuelven el dinero. Al intentar reclamar u obtener una explicación se hace imposible por qué como he dicho,  la atención al cliente es inexistente, tampoco puedes esperar a reclamar porque cuanto más esperes más suben de precio los vuelos y más dinero te hace pagar. Vergonzoso."
141,1,"Decepcionadas con EasyjetA finales de julio, cogimos un vuelo a Edimburgo con Easyjet, un vuelo que salia desde Bilbao directo y a muy buen precio. La semana pasada a traves de un correo nos comunican que se ha CANCELADO. Para pedir explicaciones llamamos al 902599900, no nos dan NINGUNA explicacion, estan saturadas las lineas, despues de 10 llamadas en la mañana y sin que nos cojan el telefono; nos remiten a una pagina web y tenemos que rellenar un cuestionario (Formulario de reclamación de compensación). Dicho cuestionario no se puede rellenar ya que como ibamos a volar el 29/01/2019, a dia de hoy, falta mas de un mes para poder realizar dicha reclamacion,porque la fecha de vuelo no puede superar más de un mes en el futuro. Es vergonzoso lo de esta compañia, no atiende por telefono, el telefono es un 902..., es la compañia la que nos cancela el vuelo a 7 personas, y somos nosotras las que nos tenemos que pelear contra las inclemencias y sin ninguna solucion. Creo que deberia ser la compañia la que nos llamase y  nos ofreciera posibles soluciones, se han cancelado los vuelos desde Bilbao los meses de enero y febrero, sin ninguna explicacion y sin soluciones. Nos han dejado en Stanby, vergonzoso e indignante.Sandra"
142,1,"Pésima compañiaPÉSIMA compañia. Siempre que he tenido algun tipo de problema con algun vuelo ha sido casualmente con ellos. No la recomiendo en absoluto. Decir que sus trabajadores son desagradables es poco decir, son odiosos, parece que los contratasen precisamente por serlo, como si cuanto más maleducados y bordes mejor. No solo no ponen interés en ayudarte si no que además ni siquiera se molestan en ofrecer los datos necesarios para poder poner una reclamación. Trato pésimo (especialmente en Inglaterra). Me he encontrado en una situación en la que no me han ayudado sencillamente porque no les ha dado la gana. Es muy frustrante la impotencia que se siente con ellos. Asi como otras compañias siempre han intentado ayudarme en lo posible y el trato ha sido excelente, con ellos nunca se ha dado el caso. Había olvidado porque evitaba volar con esta compañia, un nuevo incidente me lo ha recordado y definitivamente NO volveré a volar con ellos. De hecho despues de quedarme en tierra por su culpa decidí coger el tren en lugar del siguiente vuelo (vuelo que por supuesto me obligaban a volver a pagar, y no solo el vuelo, vuelo + maletas... esto teniendo en cuenta que para el vuelo anterior ya habia pagado la opción mas cara de equipaje) solamente por no volar con ellos. Son unos impresentables. Compañia A EVITAR!. Le doy una estrella porque no se puede poner menor valoración."
143,1,No devuleven el dineroNo reembolsan los vuelos que se han cancelado y tampoco responden a las peticiones.
144,1,"Teléfono de atención al cliente con tarifa premiumme dicen esto por un email:“Tengo una pregunta que no está indicada en las preguntas frecuentes anteriores, qué debo hacer?Póngase en contacto con nuestro equipo de atención al cliente en el 902599 900 para ayudarle con cualquier solicitud. Tenga en cuenta que estamos recibiendo grandes volúmenes de llamadas en este momento, por lo que puede tomar un poco más de lo habitual para responder a su llamada.Cordialmente”A lo que contesto y quiero que todo el mundo lo vea:Estoy reclamando que me habéis cobrado 60 euros porque me habéis tenido en espera casi dos horas sin llegar a hablar con nadie. He llamado al número que me estáis indicando, ¿Qué queréis que me gaste otros 60 euros?. En ningún momento informáis del coste de las llamadas, imaginaba que erais una empresa seria pero ya veo que no, suelo viajar muy a menudo y lo que me habéis dejado claro es con quien no viajar. Porque siendo cliente me tenga que gastar mucho dinero para que me atiendan sin llegar a ser atendido y más molesto porque no avisáis de coste, porque si me avisan del coste es mi problema el seguir en espera o no, pero sin avisar pienso que sois unos sinvergüenzas. Dejaré de viajar con aerolíneas indecentes como la vuestra. En la vida me he sentido tan engañado.Inmensamente descontento."
145,1,"Mi experiencia es en un vuelo de Amsterdam-TenerifeMi experiencia es en un vuelo de Amsterdam -Tenerife , ayer día 11/12/18 a las 7:30 horas, es la primera vez que viajo con Easyjet y no lo recomiendo para nada, porque una vez en la puerta de embarque ellos deciden si dejarte pasar con tu maleta de mano más bolso personal o cobrarte 60€, no sé si te miran y les caes bien, tienes que ser guapa/o o simplemente te encuentras con alguien que se ha levantado con mal pie, por no decir otra cosa, ya que muchos pasajeros pasan con su bolso personal y cuando le preguntaba a la persona que me atendía en aquel momento decía que ellos habían pagado,  o que era un bolso pequeño,mentira porque los que pagaban tenían que quedarse apartados y encima te amenaza con perder el vuelo con lo que te vez con las manos atadas pagando 60€ por llevar un bolso personal. Claramente no viajaré más con esta compañía si tú no te quieres arriesgar tampoco lo hagas o solo lleva un bulto. Y encima pides hoja de reclamaciones y te mandan a la página y cuando le pedí el nombre a la persona que me atendía escondió su chapa, cosa que es ilegal porque si tienes chapa es para mostrarla y no la puedes esconder. Pregunté por esta situación una vez que llegue a Tenerife y efectivamente me dicen que no se puede esconder la chapa."
146,1,Pésima compañíaPésima compañía. No volveré a viajar con ellos.
147,1,"Easyjet: paga por equipamiento médico injustamenteMi hija diabética debe viajar con una mochila de equipamiento médico que necesita. Llamo a atención al cliente tanto como a asistencia especial y me dicen que a bordo solo se permiten dos equipajes (mochila de mano y maleta que no sobrepase x medidas), por los cuales ya he pagado. Pero en su página web indican que ""Se puede llevar equipamiento médico portátil a bordo, además del límite de equipaje de mano permitido. Los dispositivos médicos portátiles no deben tener un tamaño superior a 56 x 45 x 25cm, de lo contrario deberán viajar en la bodega.""Es decir que me harían pagar más para que mi hija, además de llevar sus cosas normales, pudiera llevar una mochila médica especial antigolpes, con apartados que mantienen el frío para la insulina, recambios para la bomba de insulina, zumos para bajones de glucosa, alcohol médico, gasas, etc....En otras compañías para esto hacen una especie de documento que les permite llevar este tipo de equipamiento médico de forma gratuita además de su equipaje normal.Diabéticos, padres/hermanos/familiares de diabéticos,  NO voléis con Easyjet. A ver si es que el ser diabético es por gusto... que haya que pagar por llevar equipamiento deportivo y cosas así, vale, pero para equipamiento médico que ADEMÁS indican en su web que se puede llevar gratis además del equipaje de a bordo me parece una total falta de respeto hacia los enfermos que NECESITAN llevar este tipo de equipaje extra.Una vergüenza vamos."
148,1,"Personal de tierra se aprovecha de los mayoresEl personal de tierra de Easy jet se aprovecha de las personas mayores en el aeropuerto de Sevilla (8 de octubre 2019). A mis padres de 78 años, les cobraron 60€ por una maleta de mano cuyas medidas eran más pequeñas que los límites permitidos pero cuyas ruedas, al ser una maleta antigua, no cabían por 2 cm. Al querer facturar esa maleta se lo negaron cuando ellos habían pagado por 2 maletas grandes y solo habían registrado una, previamente. Al final, cansados de intentar conversar con esta ""persona"" antipática y que ""no soltaba prenda"", decidieron pagar. Asombroso y vergonzoso... Esta empleada les negó el pago con tarjeta !!! Por suerte, mi padres no cedieron y al ver que no pagarían en efectivo, sacó el datáfono de detrás del mostrador y finalmente les cobró por tarjeta. Las reglas son las reglas... Si no caben las ruedas, no caben... Pero las reglas son para todos ! No solamente para la gente que no puedan defenderse, bien porque tienen una edad, bien porque no hablan idiomas !! Es desesperante ver cómo te cobran indebidamente un importe de 60€ -que ya habías pagado- por una maleta supuestamente demasiado grande cuando en este mismo avión entran bulbos que ni siquiera caben en el almacenamiento superior !!! Hasta la jefa de cabina, a quién mis padres contaron su historia, no se lo podía creer y les aseguró que informaría a su dirección!!! Al volver, hicieron una reclamación a Easy jet con todos los justificantes, pero a fecha de hoy (pasado más de un mes) está compañía no se ha dignado en dar una respuesta."
149,1,"3h de retraso y me quedo en tierraVuelo EJU1697 Niza-Barcelona, a las 21:45h salía el vuelo. Después de esperar 3h sin ningún tipo de información ni avisos, justo delante de la puerta de embarque nos dicen que debemos rellenar un largo formulario para obtener un código QR (SpTH) distinto del que teníamos en nuestros certificados de vacunación UE. En la página web del Ministerio de Sanidad español se indica claramente que en el caso de que no se pueda rellenar el formulario electrónico “las compañías de transporte facilitarán el apoyo necesario a las personas que no dispongan de los medios electrónicos para cumplimentar el formulario de control sanitario”. Sin embargo, EasyJet no dió ninguna solución a los pasajeros que tenían teléfonos de modelos que no permitían la obtención de códigos QR. Tampoco ayudó a la gente que tuvo dificultades para cumplimentarlo. Finalmente, algunos pasajeros nos quedamos en tierra. No puedo entender como con 3h que estuvimos esperando no nos dijeran nada y aún menos la falta de empatía por parte del personal de EasyJet, que, en ningún momento nos ayudaron. Nos dejaron en tierra a la 1:00h de la madrugada y nos echaron del aeropuerto de malas maneras. Además tengo constancia que es la única aerolínea que pide este QR en el aeropuerto de origen, y no en el destino como debe ser y según indica Spain Travel Health: “Debe presentar este documento obligatoriamente en el control sanitario del aeropuerto destino”. Por lo que llego a la conclusión que se trata de una ESTAFA. Tras más de 3h de espera tuve que comprar otro vuelo para el día siguiente (!casualmente solo operaba EasyJet!) además del taxi y del hotel a altas horas de la madrugada. Internet está lleno de otras experiencias similares con el dichoso QR y ellos siguen sin informar a sus clientes via email, por lo cual, cada día abandonan a pasajeros en tierra que no pueden regresar a su país, es una vergüenza."
150,1,"El día 5 de Agosto procedimos a volar…El día 5 de Agosto procedimos a volar con esta Compañía a París,el vuelo salia a las 20:25 de ese dia, a las 18:00 horas se cancela el vuelo,nos acercamos a la ventanilla y nos explican que el motivo es por que la tripulación si volaban a Madrid se pasaba de horas,el cual nos ofrecen volar el día 7 perdiendo asi 2 días de vacaciones con las noches de hotel y todo lo que conlleva,el cual al final tuvimos que volar con Iberia  Expréss y pagar 845 Euros por 2 billetes a última hora,el hombre de la compañía nos comenta que el billete nos lo tendría que reembolsar la compañía...reclamamos a Easy Jet y la contestación que nos da es la siguiente:""Lamentamos su cancelación de vuelo,pero su reclamación no cumple con las condiciones necesarias para recibir la compensación. Tenga en cuenta que puede que el personal del aeropuerto y de cabina de nuestra compañía no tuviera toda la información relacionada con el vuelo cancelado cuando se le informó acerca del cancelado,Para explicar mejor lo que sucedió ese día: las restricciones de control del tráfico aéreo se impusieron por toda Europa, regulando sustancialmente el espacio aéreo debido a actividad tormentosa en la ruta, problemas de capacidad y cuestiones de personal con los controladores de tráfico aéreo.""Un 5 De Agosto,con ola de calor Europea,hasta en París a 40 Grados,y cuando volamos con Iberia en la ruta Madrid-París no había ni una sola nube...Se acogen a la ley y sueltan la mentira para lavarse la manos como lo están haciendo...mientras tanto,4 pasajeros que se las vieron y desearon para llegar a su destino y a la vuelta quedarse otras 3 horas y 5 minutos en el aeropuerto por retraso del vuelo...para ahora no aceptar las culpas de la mala gestión de la compañía. .Es la primera vez que volaba...pero pero para la siguiente ya se que no compañía elegir...Easy Jet."
151,1,"Vuelo Madrid-LyonVuelo Madrid-Lyon, 9 de mayo 2019. Después de 30 minutos en la fila para embarcar, nos dicen que hay un posible problema por una huelga de controladores aéreos en Francia, que esperemos 45 minutos más para recibir noticias. Nos dan un bono de comida, de 4.5 euros, que no da ni para chicles casi en el aeropuerto. Transcurrido ese tiempo nos hacen embarcar, sin asegurarnos que despegue el avión. Una hora más, entre embarcar, esperar... Finalmente, el vuelo lo cancelan porque dicen que no le dan autorización hasta más tarde, nos hacen bajar del avión y nos dicen que nos dirijamos a Atención al Cliente de Easyjet para que nos den acomodación en un hotel para pasar la noche, porque el vuelo no saldrá hasta el día siguiente. A todo esto son ya como las once y media de la noche, desde las ocho que despegaba nuestro avión. Hacemos una cola inmensa en Atención al Cliente, no se mueve, no informan, están gestionando. A la una y media de la madrugada, llega mi turno, la persona de Easyjet únicamente nos explica que no hay capacidad en ningún hotel, que ellos no pueden gestionar la reserva (cosa que nos habían garantizado otra persona de easyjet anteriormente), que si encontramos un hotel por nuestra cuenta, después reclamemos los gastos a Easyjet.... Nos hicieron esperar 2 horas más, salir del área de vuelo (por lo que tuvimos a pasar el control de seguridad) y todo para finalmente acabar arrinconados en algún lugar del aeropuerto donde poder echar una cabezada. Gracias Easyjet, por su mala atención al cliente, por su falta de organización y por prometer al menos un descanso que nunca llegó. Al día siguiente, nos garantizaron que al escribir teníamos una compensación. Falso nuevamente. Easyjet se respalda en la ley y como fue por huelga, se lavan las manos. Entiendo que son causas externas, pero gestionaron muy mal el problema y prometieron en todo momento cosas que no pudieron cumplir, como el hotel para descansar o la compensación. Jugaron con nuestro descanso y nos marearon para donde quisieron. Definitivamente, mi primer y último vuelo con Easyjet"
152,1,"Servicio atención al cliente pésimoBuenos días,El pasado 22 de mayo easyJet canceló mi vuelo hacia Barcelona para hacer una importante entrevista, por lo tanto puse una reclamación para gastos y para la compensación según su normativa. El 23 de mayo, llamé al servicio de atención al cliente de easyjet para cambiar mis vuelos. Estuve alrededor de 50 minutos discutiendo con una persona incompetente, la cual hizo mal su trabajo, pues no me dejaba hablar y  gritaba por teléfono. Mi situación era que al no encontrarme en Barcelona, no podía volver de allí, por lo que perdería mi vuelo de vuelta también. Este señor, me puso dos vuelos con origen de Barcelona. El resultado de esta llamada fue casi 30 euros de factura telefónica. Tras una hora conseguí cambiar los vuelos ya que se puso otra persona que lo resolvió en 5 minutos. A principios de Junio, me pidieron vía email la factura de mi alojamiento en Barcelona. Por tanto, les envié por email dicha factura  y el 12 Julio me rechazaron la reclamación a través de un correo automático. Según su correo, yo no envié nada y el caso quedaba cerrado, no pudiendo responder dicho correo porque nadie lo leería y no voy a llamar a su número de nuevo. A mediados de Junio, me rechazaron la compensación por la cancelación del vuelo. Según easyjet, se canceló por una huelga en Francia, por lo que ningún avión podría volar ese día, sin embargo, el vuelo de easyJet anterior al mío si voló. Mi situación es que me han cancelado un vuelo, no pude hacer la entrevista para el día previsto, pierdo un trabajo, la cancelación del vuelo me ha ocasionado casi 200 euros de gastos entre alojamientos, transporte, comida, etc y no me pagan nada, el servicio de atención al cliente me ha tratado mal, he pagado casi 30 euros de factura telefónica por la incompetencia de vuestro servicio de atención al cliente, enviáis correos automáticos para que tenga que iniciar de nuevo la reclamacion, no me facilitan ningún contacto gratuito ya que me gustaría hablar con una persona, no con un robot.Conclusión: te cancelan un vuelo y encima pagas tú. Atentamente, Luis13 Julio 2018"
153,1,Ratas!!!!!!!!!
154,1,"Trato vejatorio y negligenteBuenas,El domingo 12 de diciembre sufrimos un incidente bastante desagradable en el aeropuerto de Edimburgo vuelo EZY6995.Para empezar , cual fué nuestra sorpresa al ver que no pedían NADA de documentación covid. La gente sólo pasaba la tarjeta de embarque y el pasaporte. Y así fué hasta para mi pareja. Mi pareja iba delante de mi y no le pidieron NADA DE NADA. Ni pasaporte covid. Ni documentación de vacunación. Nada de nada. Solo la tarjeta de embarque y pasaporte, como al resto del vuelo.Sin embargo al llegar a mi, me pidieron algo y yo enseñe mi pasaporte covid (obligatorio para viajar a españa) y me dijo que que era eso, que eso no valía. Que necesitaba el spanish location form. Cuando le expliqué que era el pasaporte covid de vacunación. Que es lo que debe pedir, se puso a darme voces que sin localizador no volaba. Me puse a rellenarlo y me dijo que no volaba ya, que era mi obligación traerlo hecho y que si seguía alli iba a llamar a seguridad. Igual tratamiento para una pareja, también de españoles que llegó detrás de mi. A ellos tambien se lo pidió , entre medias pasó mucha gente y tampoco lo pidió. Lamentablemente llamé a atención al cliente de Easyjet y la empresa sigue empeñada en que es mi responsabilidad es llevar la documentación necesaria. Quiero denunciar que esta empresa no pide el pasaporte covid, para volar a España, pide , en contadas ocasiones, el spanish locator. Formulario que se puede rellenar en España, lo sé porque lo hice hace dos semanas en otro vuelo internacional de otra compañia.Lo importante para volar junto a 200 personas más es tener en regla la vacunación. El spanish locator es un formulario informativo de donde vas a estar durante tu estancia. Imprescindible al llegar a tu lugar de destino siempre que vaya junto al certificado de vacunación europeo, pero NO PARA VOLAR . Otro ejemplo más es que al día siguiente volamos con Ryanair. Nada que ver, al enseñarle el spanish locator. Muy amablemente , me dijo: NO eso es para cuando llegues a tu destino. Para poder embarcar yo necesito el pasaporte covid que demuestre que la vacunación está en regla. Asi bien, cuando llegamos a Barajas (aeropuerto de Madrid) hay un montón de mesas con formularios en todos los idiomas para rellenar a mano y entregar a la salida junto a tu pasaporte covid. Lo cual hizo la mitad del vuelo en el que viajaba. Imprescindible para volar e inexistente al parecer para los trabajadores de easyjet que no saben ni lo que es.Tamibién quiero denunciar que su trato es absolutamente vejatorio ya que cuando le insistí que estaba terminando de rellenarlo me dijo que me fuera de alli que iba a llamar a seguridad. Mismo trato sufrió la pareja de españoles que iba detrás. Ellos incluso habían facturado y no les dieron explicaciones ni de donde iban sus maletas ni nada de nada. Al ir a reclamación de equipajes se las encontraron dando vueltas.Resumiendo, creo que no es maneras de tratar a un cliente, he viajado por medio mundo y siempre he encontrado gente dispuesto a ayudarte cuando hay algún problema. Esta compañia no sólo tiene una falta total de empatía si no que no saben cual es su trabajo y que deben pedir. No pueden dejar sin volar a 3 personas porque no sepan lo que deben pedir cuando no han pedido ni el certificado covid al 80 % del vuelo. Es una verguenza.  No pienso volver a volar en mi vida con ellos. El servicio de atención al cliente es pésimo e igual de bordes que los trabajadores del aeropuerto."
